request_id,timestamp,mode,source_region,dest_region,cross_region,traffic,distance_km,eta,pickup_time,prep_time,delivery_time,request_latency_ms,computation_latency_ms,network_latency_ms,success,error,gossip_enabled,gossip_interval,node_count
req-00001-86d1b3,1787490725.3453443,edgesync,CENTRAL,EAST,True,Medium,21.2715,66.19,13.76,15.14,51.05,4074.11,0.085,2017.009,True,,True,5.0,3
req-00002-f93aad,1787490729.4333508,edgesync,EAST,CENTRAL,True,Medium,7.8594,26.82,2.31,7.96,18.86,4087.965,0.078,2036.165,True,,True,5.0,3
req-00003-669545,1787490733.4845688,edgesync,CENTRAL,EAST,True,Medium,27.6423,76.57,2.44,10.23,66.34,4051.179,0.08,2012.67,True,,True,5.0,3
req-00004-19012e,1787490737.5766726,edgesync,EAST,WEST,True,Low,11.6776,33.51,13.49,7.39,20.02,4092.068,0.096,2015.224,True,,True,5.0,3
req-00005-9129f1,1787490741.6601408,edgesync,WEST,CENTRAL,True,Low,12.2588,35.11,14.09,10.18,21.02,4083.433,0.201,2013.033,True,,True,5.0,3
req-00006-56d4ba,1787490743.7099123,edgesync,EAST,EAST,False,Medium,4.4766,18.37,7.62,7.4,10.74,2049.736,0.066,0.0,True,,True,5.0,3
req-00007-b1c480,1787490747.7841127,edgesync,CENTRAL,WEST,True,High,7.8346,45.92,13.54,14.58,31.34,4074.149,0.11,2014.075,True,,True,5.0,3
req-00008-a4fbbb,1787490751.8776689,edgesync,EAST,WEST,True,Medium,4.97,24.59,12.66,10.95,11.93,4093.492,0.097,2009.803,True,,True,5.0,3
req-00009-b142d2,1787490755.9385831,edgesync,EAST,WEST,True,High,8.3358,39.84,2.72,6.5,33.34,4060.878,0.103,2018.372,True,,True,5.0,3
req-00010-f80104,1787490757.9960542,edgesync,WEST,WEST,False,High,7.9274,45.72,14.01,6.39,31.71,2057.431,0.139,0.0,True,,True,5.0,3
req-00011-80302b,1787490762.0399692,edgesync,WEST,EAST,True,Low,6.8004,20.31,2.52,8.65,11.66,4043.866,0.062,2009.459,True,,True,5.0,3
req-00012-49f219,1787490766.1017694,edgesync,EAST,CENTRAL,True,Medium,14.8581,47.81,12.15,7.27,35.66,4061.755,0.085,2017.571,True,,True,5.0,3
req-00013-54654b,1787490770.1579528,edgesync,CENTRAL,EAST,True,Medium,27.7,78.37,11.89,7.08,66.48,4056.141,0.079,2010.099,True,,True,5.0,3
req-00014-5886f5,1787490772.2289274,edgesync,EAST,EAST,False,Low,17.551,42.02,11.93,5.9,30.09,2070.942,0.056,0.0,True,,True,5.0,3
req-00015-afd802,1787490776.2857504,edgesync,CENTRAL,WEST,True,Medium,21.6589,62.39,2.62,10.41,51.98,4056.795,0.396,2011.425,True,,True,5.0,3
req-00016-9621aa,1787490780.338935,edgesync,EAST,CENTRAL,True,Low,16.5832,36.35,2.25,7.92,28.43,4053.153,0.051,2022.046,True,,True,5.0,3
req-00017-98a456,1787490782.40847,edgesync,WEST,WEST,False,High,14.7794,72.77,2.5,13.65,59.12,2069.496,0.065,0.0,True,,True,5.0,3
req-00018-4e0a3c,1787490786.4924405,edgesync,WEST,CENTRAL,True,Low,22.4558,50.2,11.7,8.17,38.5,4083.935,0.051,2011.755,True,,True,5.0,3
req-00019-21221e,1787490790.5651646,edgesync,WEST,EAST,True,Medium,15.9844,51.01,12.65,10.01,38.36,4072.697,0.139,2033.935,True,,True,5.0,3
req-00020-fecd4f,1787490792.6029904,edgesync,WEST,WEST,False,Low,2.5562,13.96,2.58,9.58,4.38,2037.79,0.073,0.0,True,,True,5.0,3
req-00021-6fd2a7,1787490796.6492836,edgesync,WEST,CENTRAL,True,Low,13.6575,38.91,2.44,15.49,23.41,4046.262,0.067,2008.737,True,,True,5.0,3
req-00022-67fd15,1787490798.7358513,edgesync,EAST,EAST,False,High,14.0329,68.9,12.77,9.47,56.13,2086.535,0.083,0.0,True,,True,5.0,3
req-00023-9e62c6,1787490802.8213809,edgesync,CENTRAL,WEST,True,Medium,16.3273,46.92,6.32,7.74,39.19,4085.438,0.076,2038.731,True,,True,5.0,3
req-00024-fb30fd,1787490806.8755224,edgesync,WEST,CENTRAL,True,High,16.6923,83.13,7.44,16.36,66.77,4053.911,0.074,2015.481,True,,True,5.0,3
req-00025-d6f955,1787490810.9381156,edgesync,WEST,EAST,True,Medium,18.5703,51.96,2.67,7.39,44.57,4062.509,0.078,2019.449,True,,True,5.0,3
req-00026-b89cd6,1787490813.0023758,edgesync,WEST,WEST,False,High,12.3617,65.54,2.32,16.1,49.45,2064.214,0.141,0.0,True,,True,5.0,3
req-00027-7640e3,1787490817.089148,edgesync,CENTRAL,EAST,True,Low,6.8492,21.65,7.68,9.91,11.74,4086.726,0.14,2020.7,True,,True,5.0,3
req-00028-2edee6,1787490821.1650717,edgesync,EAST,WEST,True,High,19.3723,84.24,6.75,6.12,77.49,4075.874,0.121,2022.558,True,,True,5.0,3
req-00029-20e916,1787490823.2109015,edgesync,CENTRAL,CENTRAL,False,High,9.2652,46.29,2.35,9.23,37.06,2045.766,0.118,0.0,True,,True,5.0,3
req-00030-2a98b9,1787490827.2691252,edgesync,CENTRAL,EAST,True,High,9.7583,49.81,2.36,10.77,39.03,4058.158,0.118,2019.865,True,,True,5.0,3
req-00031-ff8cba,1787490829.3484323,edgesync,EAST,EAST,False,Low,4.5042,21.8,14.07,13.93,7.72,2079.244,0.093,0.0,True,,True,5.0,3
req-00032-106665,1787490833.4115608,edgesync,CENTRAL,WEST,True,Low,21.9553,45.28,7.64,7.01,37.64,4063.068,0.121,2013.63,True,,True,5.0,3
req-00033-25d4e1,1787490837.4896026,edgesync,CENTRAL,WEST,True,Low,7.8209,21.55,6.6,8.14,13.41,4077.968,0.092,2025.588,True,,True,5.0,3
req-00034-f5b360,1787490839.5497012,edgesync,EAST,EAST,False,Medium,13.6339,39.76,2.68,7.04,32.72,2060.033,0.14,0.0,True,,True,5.0,3
req-00035-27acc7,1787490841.6144924,edgesync,EAST,EAST,False,High,10.0399,52.02,11.86,5.91,40.16,2064.738,0.158,0.0,True,,True,5.0,3
req-00036-a772fd,1787490845.6867418,edgesync,CENTRAL,WEST,True,Low,38.5804,75.14,7.52,9.0,66.14,4072.109,0.085,2020.073,True,,True,5.0,3
req-00037-174447,1787490849.7720478,edgesync,EAST,WEST,True,High,5.3196,35.57,14.29,9.77,21.28,4085.24,0.143,2011.852,True,,True,5.0,3
req-00038-557787,1787490853.8465052,edgesync,WEST,EAST,True,Low,14.597,31.48,2.74,6.46,25.02,4074.401,0.195,2013.154,True,,True,5.0,3
req-00039-a2d4d5,1787490855.8948994,edgesync,WEST,WEST,False,Low,13.5618,35.59,12.34,7.46,23.25,2048.339,0.094,0.0,True,,True,5.0,3
req-00040-f7765b,1787490857.9313257,edgesync,EAST,EAST,False,Low,10.4285,27.9,6.65,10.02,17.88,2036.374,0.168,0.0,True,,True,5.0,3
req-00041-494665,1787490859.9809809,edgesync,EAST,EAST,False,Low,16.0607,41.2,13.67,9.29,27.53,2049.604,0.121,0.0,True,,True,5.0,3
req-00042-9e4677,1787490862.0558867,edgesync,WEST,WEST,False,Low,4.3962,17.92,2.56,10.38,7.54,2074.845,0.165,0.0,True,,True,5.0,3
req-00043-c4ebd4,1787490864.1403124,edgesync,WEST,WEST,False,Low,16.9286,39.42,6.44,10.4,29.02,2084.36,0.201,0.0,True,,True,5.0,3
req-00044-6caf39,1787490868.2373316,edgesync,CENTRAL,WEST,True,Medium,20.6269,58.13,7.54,8.62,49.5,4096.946,0.094,2023.069,True,,True,5.0,3
req-00045-2f3e57,1787490872.3163183,edgesync,EAST,WEST,True,High,10.4041,49.24,7.62,6.17,41.62,4078.922,0.191,2020.568,True,,True,5.0,3
req-00046-2137bd,1787490874.36038,edgesync,CENTRAL,CENTRAL,False,High,10.0921,47.13,2.55,6.77,40.37,2043.925,0.135,0.0,True,,True,5.0,3
req-00047-44f3ff,1787490876.4046779,edgesync,WEST,WEST,False,High,15.4116,76.29,6.32,14.64,61.65,2044.247,1.297,0.0,True,,True,5.0,3
req-00048-ece980,1787490878.4445593,edgesync,EAST,EAST,False,Medium,6.0158,24.6,6.38,10.16,14.44,2039.838,0.119,0.0,True,,True,5.0,3
req-00049-021452,1787490882.5276299,edgesync,EAST,CENTRAL,True,Medium,33.7872,93.21,12.12,6.43,81.09,4083.022,0.45,2030.951,True,,True,5.0,3
req-00050-271a20,1787490886.5982044,edgesync,CENTRAL,WEST,True,High,22.8329,103.51,12.18,8.49,91.33,4070.514,0.076,2021.573,True,,True,5.0,3
req-00051-ea2b1b,1787490890.732771,edgesync,EAST,CENTRAL,True,High,17.7333,80.18,7.45,9.24,70.93,4134.509,0.137,2089.077,True,,True,5.0,3
req-00052-dc37af,1787490894.7828047,edgesync,CENTRAL,WEST,True,Low,21.1495,48.98,12.73,9.01,36.26,4049.962,0.133,2022.247,True,,True,5.0,3
req-00053-c6e7ae,1787490896.8283195,edgesync,WEST,WEST,False,Medium,9.6215,35.61,12.51,10.06,23.09,2045.451,0.14,0.0,True,,True,5.0,3
req-00054-22151a,1787490898.8671868,edgesync,EAST,EAST,False,Medium,13.1993,45.64,6.75,13.96,31.68,2038.813,0.11,0.0,True,,True,5.0,3
req-00055-2e4ecb,1787490902.9806242,edgesync,CENTRAL,WEST,True,Medium,19.8263,61.23,2.28,13.65,47.58,4113.396,0.327,2045.788,True,,True,5.0,3
req-00056-e05105,1787490907.06848,edgesync,EAST,CENTRAL,True,Low,18.0189,45.03,7.36,14.14,30.89,4087.788,0.091,2022.906,True,,True,5.0,3
req-00057-474cee,1787490911.1312172,edgesync,WEST,CENTRAL,True,High,26.4621,119.19,13.34,8.62,105.85,4062.674,0.19,2017.983,True,,True,5.0,3
req-00058-7eee31,1787490915.2286732,edgesync,CENTRAL,WEST,True,Medium,30.2243,80.72,7.21,8.19,72.54,4097.389,0.147,2022.578,True,,True,5.0,3
req-00059-8b048b,1787490919.3187742,edgesync,EAST,CENTRAL,True,High,28.132,120.13,2.71,7.6,112.53,4090.052,0.118,2010.766,True,,True,5.0,3
req-00060-ea4ab8,1787490923.359671,edgesync,WEST,CENTRAL,True,Low,20.6822,49.65,14.19,7.92,35.46,4040.856,0.154,2012.299,True,,True,5.0,3
req-00061-91f32e,1787490927.4462588,edgesync,CENTRAL,WEST,True,Medium,25.4867,71.42,6.91,10.25,61.17,4086.537,0.223,2016.385,True,,True,5.0,3
req-00062-fce4a3,1787490929.4881182,edgesync,CENTRAL,CENTRAL,False,Medium,9.3733,30.08,7.59,7.09,22.5,2041.798,0.363,0.0,True,,True,5.0,3
req-00063-f980da,1787490933.5550869,edgesync,WEST,CENTRAL,True,Medium,13.9558,40.6,7.11,6.13,33.49,4066.906,0.111,2021.674,True,,True,5.0,3
req-00064-2397ac,1787490937.5987036,edgesync,EAST,WEST,True,High,12.7991,63.88,12.68,10.01,51.2,4043.564,0.131,2024.058,True,,True,5.0,3
req-00065-2f422d,1787490941.658489,edgesync,EAST,CENTRAL,True,Low,37.0083,74.23,6.78,10.78,63.44,4059.748,0.08,2018.248,True,,True,5.0,3
req-00066-b0bc6d,1787490945.7317138,edgesync,EAST,WEST,True,Medium,6.5465,23.32,7.3,7.6,15.71,4073.184,0.138,2016.386,True,,True,5.0,3
req-00067-1d63e0,1787490949.800152,edgesync,WEST,CENTRAL,True,High,27.8886,118.02,2.31,6.46,111.55,4068.397,0.114,2036.461,True,,True,5.0,3
req-00068-83ff37,1787490951.8244846,edgesync,EAST,EAST,False,Low,7.1712,26.46,13.77,14.17,12.29,2024.278,0.11,0.0,True,,True,5.0,3
req-00069-363e4b,1787490955.8941143,edgesync,EAST,CENTRAL,True,Low,10.3076,25.19,7.52,6.71,17.67,4069.582,0.108,2017.843,True,,True,5.0,3
req-00070-5298d0,1787490959.9655921,edgesync,CENTRAL,EAST,True,High,23.942,102.49,2.72,6.73,95.77,4071.42,0.146,2021.969,True,,True,5.0,3
req-00071-921ff3,1787490964.0361767,edgesync,EAST,WEST,True,High,15.4992,75.51,12.52,13.51,62.0,4070.514,0.149,2011.593,True,,True,5.0,3
req-00072-e662ea,1787490968.0806305,edgesync,CENTRAL,WEST,True,Low,31.9871,71.15,12.37,16.32,54.84,4044.417,0.107,2018.53,True,,True,5.0,3
req-00073-de37f8,1787490972.124523,edgesync,WEST,EAST,True,Low,7.311,20.56,7.52,8.02,12.53,4043.848,0.149,2010.856,True,,True,5.0,3
req-00074-26aeee,1787490974.148609,edgesync,WEST,WEST,False,High,5.7932,37.34,14.16,6.65,23.17,2024.034,0.136,0.0,True,,True,5.0,3
req-00075-587669,1787490978.1896806,edgesync,WEST,CENTRAL,True,Medium,23.1903,70.42,7.58,14.76,55.66,4040.985,0.099,2010.187,True,,True,5.0,3
req-00076-7b8dfe,1787490982.2448924,edgesync,EAST,CENTRAL,True,Medium,29.9795,78.71,2.69,6.76,71.95,4055.146,0.117,2018.079,True,,True,5.0,3
req-00077-740bce,1787490986.3057876,edgesync,EAST,WEST,True,Low,13.0283,34.74,12.4,6.05,22.33,4060.84,0.16,2019.768,True,,True,5.0,3
req-00078-306541,1787490988.3324687,edgesync,CENTRAL,CENTRAL,False,Medium,10.2421,37.98,13.4,10.74,24.58,2026.624,0.165,0.0,True,,True,5.0,3
req-00079-efe237,1787490992.3993833,edgesync,CENTRAL,EAST,True,High,7.946,41.43,7.61,9.65,31.78,4066.852,0.117,2017.889,True,,True,5.0,3
req-00080-401fcf,1787490996.467879,edgesync,CENTRAL,WEST,True,High,20.2481,88.06,6.91,7.07,80.99,4068.419,0.258,2022.136,True,,True,5.0,3
req-00081-7cbfdf,1787491000.538761,edgesync,WEST,EAST,True,Low,14.0554,33.84,2.44,9.74,24.09,4070.804,0.245,2012.946,True,,True,5.0,3
req-00082-a8ef3e,1787491002.6181214,edgesync,CENTRAL,CENTRAL,False,Low,3.2744,16.59,7.16,10.98,5.61,2079.279,0.253,0.0,True,,True,5.0,3
req-00083-71aa55,1787491006.703312,edgesync,WEST,CENTRAL,True,Medium,18.8277,60.81,12.72,15.63,45.19,4085.106,0.225,2012.321,True,,True,5.0,3
req-00084-f0d233,1787491010.7587857,edgesync,CENTRAL,WEST,True,Medium,9.3636,30.06,7.58,6.18,22.47,4055.406,0.213,2018.965,True,,True,5.0,3
req-00085-080344,1787491012.8130813,edgesync,WEST,WEST,False,Medium,13.7468,49.36,7.34,16.37,32.99,2054.213,0.412,0.0,True,,True,5.0,3
req-00086-a8751b,1787491014.8820338,edgesync,EAST,EAST,False,Low,9.6139,23.42,2.62,6.94,16.48,2068.879,0.256,0.0,True,,True,5.0,3
req-00087-e39ca5,1787491018.9473403,edgesync,EAST,CENTRAL,True,Medium,18.2123,51.15,6.75,7.44,43.71,4065.224,0.181,2020.622,True,,True,5.0,3
req-00088-c6140b,1787491020.9913654,edgesync,WEST,WEST,False,High,9.3278,50.91,2.43,13.6,37.31,2043.936,0.202,0.0,True,,True,5.0,3
req-00089-08e4ec,1787491023.0480547,edgesync,EAST,EAST,False,Medium,2.0116,20.85,7.22,16.02,4.83,2056.614,0.256,0.0,True,,True,5.0,3
req-00090-3742fd,1787491027.1210303,edgesync,CENTRAL,EAST,True,High,14.6705,66.61,2.36,7.93,58.68,4072.899,0.216,2018.798,True,,True,5.0,3
req-00091-852a52,1787491031.2000103,edgesync,EAST,CENTRAL,True,Low,28.4924,59.47,6.46,10.63,48.84,4078.895,0.243,2022.588,True,,True,5.0,3
req-00092-3c1def,1787491035.2674587,edgesync,CENTRAL,WEST,True,High,31.5151,136.26,7.32,10.2,126.06,4067.365,0.294,2013.556,True,,True,5.0,3
req-00093-2d3f26,1787491039.3108008,edgesync,CENTRAL,WEST,True,High,8.986,43.28,7.03,7.33,35.94,4043.261,0.304,2013.088,True,,True,5.0,3
req-00094-47e22f,1787491043.4178622,edgesync,CENTRAL,EAST,True,Low,31.7759,60.5,2.47,6.02,54.47,4106.982,0.282,2028.562,True,,True,5.0,3
req-00095-60c5d2,1787491047.4877875,edgesync,EAST,CENTRAL,True,Low,32.7853,70.06,13.86,6.02,56.2,4069.841,0.256,2017.346,True,,True,5.0,3
req-00096-805bd4,1787491051.5582447,edgesync,EAST,WEST,True,Medium,13.6386,40.33,2.71,7.59,32.73,4070.375,0.254,2019.283,True,,True,5.0,3
req-00097-9b7619,1787491055.6236253,edgesync,WEST,EAST,True,High,13.8206,63.21,7.47,7.93,55.28,4065.311,0.407,2019.345,True,,True,5.0,3
req-00098-43c47d,1787491057.657636,edgesync,WEST,WEST,False,High,16.1982,78.85,6.67,14.05,64.79,2033.937,0.284,0.0,True,,True,5.0,3
req-00099-f3ef5b,1787491061.732733,edgesync,EAST,WEST,True,Medium,17.3353,54.99,13.39,8.21,41.6,4075.02,0.219,2016.781,True,,True,5.0,3
req-00100-2a4cb9,1787491065.8158028,edgesync,EAST,WEST,True,High,11.1261,60.83,2.61,16.32,44.5,4082.996,0.197,2030.0,True,,True,5.0,3
