trial_id,scenario,request_id,architecture,source_region,target_region,failure_state,failure_injection_timestamp,failure_recovery_timestamp,success,http_status,fallback_triggered,total_latency_ms,system_latency_ms,network_latency_ms,domain_latency_ms,state_hash,observation_count,timestamp,workload_hash
trial1,scenario_3_network_partition,req_0001,EdgeSync,EAST,WEST,baseline,,,False,500,False,8.245,0.0,0.0,0.0,4f53cda18c2baa0c0354bb5f9a3ecbe5ed12ab4d8e11ba873c2f11161202b945,0,1787635343.703,aee0dbba16821b346f188f27c86a80e8fe9d9e727b3d395668bd5ae0d0f01413
trial1,scenario_3_network_partition,req_0002,EdgeSync,EAST,EAST,baseline,,,False,500,False,35.175,0.0,0.0,0.0,4f53cda18c2baa0c0354bb5f9a3ecbe5ed12ab4d8e11ba873c2f11161202b945,0,1787635343.76,aee0dbba16821b346f188f27c86a80e8fe9d9e727b3d395668bd5ae0d0f01413
trial1,scenario_3_network_partition,req_0003,EdgeSync,EAST,WEST,baseline,,,False,500,False,28.934,0.0,0.0,0.0,4f53cda18c2baa0c0354bb5f9a3ecbe5ed12ab4d8e11ba873c2f11161202b945,0,1787635343.793,aee0dbba16821b346f188f27c86a80e8fe9d9e727b3d395668bd5ae0d0f01413
trial1,scenario_3_network_partition,req_0004,EdgeSync,EAST,EAST,baseline,,,False,500,False,22.091,0.0,0.0,0.0,4f53cda18c2baa0c0354bb5f9a3ecbe5ed12ab4d8e11ba873c2f11161202b945,0,1787635343.838,aee0dbba16821b346f188f27c86a80e8fe9d9e727b3d395668bd5ae0d0f01413
trial1,scenario_3_network_partition,req_0005,EdgeSync,EAST,WEST,baseline,,,False,500,False,22.748,0.0,0.0,0.0,4f53cda18c2baa0c0354bb5f9a3ecbe5ed12ab4d8e11ba873c2f11161202b945,0,1787635343.863,aee0dbba16821b346f188f27c86a80e8fe9d9e727b3d395668bd5ae0d0f01413
trial1,scenario_3_network_partition,req_0006,EdgeSync,EAST,EAST,baseline,,,False,500,False,29.18,0.0,0.0,0.0,4f53cda18c2baa0c0354bb5f9a3ecbe5ed12ab4d8e11ba873c2f11161202b945,0,1787635343.914,aee0dbba16821b346f188f27c86a80e8fe9d9e727b3d395668bd5ae0d0f01413
trial1,scenario_3_network_partition,req_0007,EdgeSync,EAST,WEST,baseline,,,False,500,False,7.876,0.0,0.0,0.0,4f53cda18c2baa0c0354bb5f9a3ecbe5ed12ab4d8e11ba873c2f11161202b945,0,1787635343.924,aee0dbba16821b346f188f27c86a80e8fe9d9e727b3d395668bd5ae0d0f01413
trial1,scenario_3_network_partition,req_0008,EdgeSync,EAST,EAST,baseline,,,False,500,False,33.907,0.0,0.0,0.0,4f53cda18c2baa0c0354bb5f9a3ecbe5ed12ab4d8e11ba873c2f11161202b945,0,1787635343.961,aee0dbba16821b346f188f27c86a80e8fe9d9e727b3d395668bd5ae0d0f01413
trial1,scenario_3_network_partition,req_0009,EdgeSync,EAST,WEST,baseline,,,False,500,False,18.035,0.0,0.0,0.0,4f53cda18c2baa0c0354bb5f9a3ecbe5ed12ab4d8e11ba873c2f11161202b945,0,1787635343.992,aee0dbba16821b346f188f27c86a80e8fe9d9e727b3d395668bd5ae0d0f01413
trial1,scenario_3_network_partition,req_0010,EdgeSync,EAST,EAST,baseline,,,False,500,False,12.647,0.0,0.0,0.0,4f53cda18c2baa0c0354bb5f9a3ecbe5ed12ab4d8e11ba873c2f11161202b945,0,1787635344.008,aee0dbba16821b346f188f27c86a80e8fe9d9e727b3d395668bd5ae0d0f01413
trial1,scenario_3_network_partition,req_0011,EdgeSync,EAST,WEST,baseline,,,False,500,False,5.7,0.0,0.0,0.0,4f53cda18c2baa0c0354bb5f9a3ecbe5ed12ab4d8e11ba873c2f11161202b945,0,1787635344.038,aee0dbba16821b346f188f27c86a80e8fe9d9e727b3d395668bd5ae0d0f01413
trial1,scenario_3_network_partition,req_0012,EdgeSync,EAST,EAST,baseline,,,False,500,False,22.783,0.0,0.0,0.0,4f53cda18c2baa0c0354bb5f9a3ecbe5ed12ab4d8e11ba873c2f11161202b945,0,1787635344.064,aee0dbba16821b346f188f27c86a80e8fe9d9e727b3d395668bd5ae0d0f01413
trial1,scenario_3_network_partition,req_0013,EdgeSync,EAST,WEST,baseline,,,False,500,False,27.878,0.0,0.0,0.0,4f53cda18c2baa0c0354bb5f9a3ecbe5ed12ab4d8e11ba873c2f11161202b945,0,1787635344.114,aee0dbba16821b346f188f27c86a80e8fe9d9e727b3d395668bd5ae0d0f01413
trial1,scenario_3_network_partition,req_0014,EdgeSync,EAST,EAST,baseline,,,False,500,False,23.063,0.0,0.0,0.0,4f53cda18c2baa0c0354bb5f9a3ecbe5ed12ab4d8e11ba873c2f11161202b945,0,1787635344.14,aee0dbba16821b346f188f27c86a80e8fe9d9e727b3d395668bd5ae0d0f01413
trial1,scenario_3_network_partition,req_0015,EdgeSync,EAST,WEST,baseline,,,False,500,False,28.992,0.0,0.0,0.0,4f53cda18c2baa0c0354bb5f9a3ecbe5ed12ab4d8e11ba873c2f11161202b945,0,1787635344.171,aee0dbba16821b346f188f27c86a80e8fe9d9e727b3d395668bd5ae0d0f01413
trial1,scenario_3_network_partition,req_0016,EdgeSync,EAST,EAST,baseline,,,False,500,False,33.268,0.0,0.0,0.0,4f53cda18c2baa0c0354bb5f9a3ecbe5ed12ab4d8e11ba873c2f11161202b945,0,1787635344.222,aee0dbba16821b346f188f27c86a80e8fe9d9e727b3d395668bd5ae0d0f01413
trial1,scenario_3_network_partition,req_0017,EdgeSync,EAST,WEST,baseline,,,False,500,False,8.013,0.0,0.0,0.0,4f53cda18c2baa0c0354bb5f9a3ecbe5ed12ab4d8e11ba873c2f11161202b945,0,1787635344.254,aee0dbba16821b346f188f27c86a80e8fe9d9e727b3d395668bd5ae0d0f01413
trial1,scenario_3_network_partition,req_0018,EdgeSync,EAST,EAST,baseline,,,False,500,False,23.077,0.0,0.0,0.0,4f53cda18c2baa0c0354bb5f9a3ecbe5ed12ab4d8e11ba873c2f11161202b945,0,1787635344.28,aee0dbba16821b346f188f27c86a80e8fe9d9e727b3d395668bd5ae0d0f01413
trial1,scenario_3_network_partition,req_0019,EdgeSync,EAST,WEST,baseline,,,False,500,False,27.952,0.0,0.0,0.0,4f53cda18c2baa0c0354bb5f9a3ecbe5ed12ab4d8e11ba873c2f11161202b945,0,1787635344.331,aee0dbba16821b346f188f27c86a80e8fe9d9e727b3d395668bd5ae0d0f01413
trial1,scenario_3_network_partition,req_0020,EdgeSync,EAST,EAST,baseline,,,False,500,False,28.621,0.0,0.0,0.0,4f53cda18c2baa0c0354bb5f9a3ecbe5ed12ab4d8e11ba873c2f11161202b945,0,1787635344.377,aee0dbba16821b346f188f27c86a80e8fe9d9e727b3d395668bd5ae0d0f01413
trial1,scenario_3_network_partition,req_0021,EdgeSync,EAST,WEST,baseline,,,False,500,False,22.939,0.0,0.0,0.0,4f53cda18c2baa0c0354bb5f9a3ecbe5ed12ab4d8e11ba873c2f11161202b945,0,1787635344.424,aee0dbba16821b346f188f27c86a80e8fe9d9e727b3d395668bd5ae0d0f01413
trial1,scenario_3_network_partition,req_0022,EdgeSync,EAST,EAST,baseline,,,False,500,False,27.704,0.0,0.0,0.0,4f53cda18c2baa0c0354bb5f9a3ecbe5ed12ab4d8e11ba873c2f11161202b945,0,1787635344.454,aee0dbba16821b346f188f27c86a80e8fe9d9e727b3d395668bd5ae0d0f01413
trial1,scenario_3_network_partition,req_0023,EdgeSync,EAST,WEST,baseline,,,False,500,False,22.142,0.0,0.0,0.0,4f53cda18c2baa0c0354bb5f9a3ecbe5ed12ab4d8e11ba873c2f11161202b945,0,1787635344.499,aee0dbba16821b346f188f27c86a80e8fe9d9e727b3d395668bd5ae0d0f01413
trial1,scenario_3_network_partition,req_0024,EdgeSync,EAST,EAST,baseline,,,False,500,False,22.522,0.0,0.0,0.0,4f53cda18c2baa0c0354bb5f9a3ecbe5ed12ab4d8e11ba873c2f11161202b945,0,1787635344.525,aee0dbba16821b346f188f27c86a80e8fe9d9e727b3d395668bd5ae0d0f01413
trial1,scenario_3_network_partition,req_0025,EdgeSync,EAST,WEST,baseline,,,False,500,False,29.636,0.0,0.0,0.0,4f53cda18c2baa0c0354bb5f9a3ecbe5ed12ab4d8e11ba873c2f11161202b945,0,1787635344.557,aee0dbba16821b346f188f27c86a80e8fe9d9e727b3d395668bd5ae0d0f01413
trial1,scenario_3_network_partition,req_0026,EdgeSync,EAST,EAST,baseline,,,False,500,False,9.286,0.0,0.0,0.0,4f53cda18c2baa0c0354bb5f9a3ecbe5ed12ab4d8e11ba873c2f11161202b945,0,1787635344.59,aee0dbba16821b346f188f27c86a80e8fe9d9e727b3d395668bd5ae0d0f01413
trial1,scenario_3_network_partition,req_0027,EdgeSync,EAST,WEST,baseline,,,False,500,False,7.928,0.0,0.0,0.0,4f53cda18c2baa0c0354bb5f9a3ecbe5ed12ab4d8e11ba873c2f11161202b945,0,1787635344.6,aee0dbba16821b346f188f27c86a80e8fe9d9e727b3d395668bd5ae0d0f01413
trial1,scenario_3_network_partition,req_0028,EdgeSync,EAST,EAST,baseline,,,False,500,False,27.878,0.0,0.0,0.0,4f53cda18c2baa0c0354bb5f9a3ecbe5ed12ab4d8e11ba873c2f11161202b945,0,1787635344.631,aee0dbba16821b346f188f27c86a80e8fe9d9e727b3d395668bd5ae0d0f01413
trial1,scenario_3_network_partition,req_0029,EdgeSync,EAST,WEST,baseline,,,False,500,False,29.799,0.0,0.0,0.0,4f53cda18c2baa0c0354bb5f9a3ecbe5ed12ab4d8e11ba873c2f11161202b945,0,1787635344.683,aee0dbba16821b346f188f27c86a80e8fe9d9e727b3d395668bd5ae0d0f01413
trial1,scenario_3_network_partition,req_0030,EdgeSync,EAST,EAST,baseline,,,False,500,False,23.017,0.0,0.0,0.0,4f53cda18c2baa0c0354bb5f9a3ecbe5ed12ab4d8e11ba873c2f11161202b945,0,1787635344.728,aee0dbba16821b346f188f27c86a80e8fe9d9e727b3d395668bd5ae0d0f01413
trial1,scenario_3_network_partition,req_0031,EdgeSync,EAST,WEST,baseline,,,False,500,False,23.29,0.0,0.0,0.0,4f53cda18c2baa0c0354bb5f9a3ecbe5ed12ab4d8e11ba873c2f11161202b945,0,1787635344.754,aee0dbba16821b346f188f27c86a80e8fe9d9e727b3d395668bd5ae0d0f01413
trial1,scenario_3_network_partition,req_0032,EdgeSync,EAST,EAST,baseline,,,False,500,False,28.05,0.0,0.0,0.0,4f53cda18c2baa0c0354bb5f9a3ecbe5ed12ab4d8e11ba873c2f11161202b945,0,1787635344.784,aee0dbba16821b346f188f27c86a80e8fe9d9e727b3d395668bd5ae0d0f01413
trial1,scenario_3_network_partition,req_0033,EdgeSync,EAST,WEST,baseline,,,False,500,False,27.415,0.0,0.0,0.0,4f53cda18c2baa0c0354bb5f9a3ecbe5ed12ab4d8e11ba873c2f11161202b945,0,1787635344.836,aee0dbba16821b346f188f27c86a80e8fe9d9e727b3d395668bd5ae0d0f01413
trial1,scenario_3_network_partition,req_0034,EdgeSync,EAST,EAST,baseline,,,False,500,False,22.628,0.0,0.0,0.0,4f53cda18c2baa0c0354bb5f9a3ecbe5ed12ab4d8e11ba873c2f11161202b945,0,1787635344.861,aee0dbba16821b346f188f27c86a80e8fe9d9e727b3d395668bd5ae0d0f01413
trial1,scenario_3_network_partition,req_0035,EdgeSync,EAST,WEST,baseline,,,False,500,False,29.042,0.0,0.0,0.0,4f53cda18c2baa0c0354bb5f9a3ecbe5ed12ab4d8e11ba873c2f11161202b945,0,1787635344.892,aee0dbba16821b346f188f27c86a80e8fe9d9e727b3d395668bd5ae0d0f01413
trial1,scenario_3_network_partition,req_0036,EdgeSync,EAST,EAST,baseline,,,False,500,False,28.827,0.0,0.0,0.0,4f53cda18c2baa0c0354bb5f9a3ecbe5ed12ab4d8e11ba873c2f11161202b945,0,1787635344.944,aee0dbba16821b346f188f27c86a80e8fe9d9e727b3d395668bd5ae0d0f01413
trial1,scenario_3_network_partition,req_0037,EdgeSync,EAST,WEST,baseline,,,False,500,False,26.465,0.0,0.0,0.0,4f53cda18c2baa0c0354bb5f9a3ecbe5ed12ab4d8e11ba873c2f11161202b945,0,1787635344.991,aee0dbba16821b346f188f27c86a80e8fe9d9e727b3d395668bd5ae0d0f01413
trial1,scenario_3_network_partition,req_0038,EdgeSync,EAST,EAST,baseline,,,False,500,False,23.368,0.0,0.0,0.0,4f53cda18c2baa0c0354bb5f9a3ecbe5ed12ab4d8e11ba873c2f11161202b945,0,1787635345.017,aee0dbba16821b346f188f27c86a80e8fe9d9e727b3d395668bd5ae0d0f01413
trial1,scenario_3_network_partition,req_0039,EdgeSync,EAST,WEST,baseline,,,False,500,False,5.345,0.0,0.0,0.0,4f53cda18c2baa0c0354bb5f9a3ecbe5ed12ab4d8e11ba873c2f11161202b945,0,1787635345.025,aee0dbba16821b346f188f27c86a80e8fe9d9e727b3d395668bd5ae0d0f01413
trial1,scenario_3_network_partition,req_0040,EdgeSync,EAST,EAST,baseline,,,False,500,False,18.362,0.0,0.0,0.0,4f53cda18c2baa0c0354bb5f9a3ecbe5ed12ab4d8e11ba873c2f11161202b945,0,1787635345.046,aee0dbba16821b346f188f27c86a80e8fe9d9e727b3d395668bd5ae0d0f01413
trial1,scenario_3_network_partition,req_0041,EdgeSync,EAST,WEST,baseline,,,False,500,False,5.214,0.0,0.0,0.0,4f53cda18c2baa0c0354bb5f9a3ecbe5ed12ab4d8e11ba873c2f11161202b945,0,1787635345.053,aee0dbba16821b346f188f27c86a80e8fe9d9e727b3d395668bd5ae0d0f01413
trial1,scenario_3_network_partition,req_0042,EdgeSync,EAST,EAST,baseline,,,False,500,False,22.852,0.0,0.0,0.0,4f53cda18c2baa0c0354bb5f9a3ecbe5ed12ab4d8e11ba873c2f11161202b945,0,1787635345.079,aee0dbba16821b346f188f27c86a80e8fe9d9e727b3d395668bd5ae0d0f01413
trial1,scenario_3_network_partition,req_0043,EdgeSync,EAST,WEST,baseline,,,False,500,False,31.449,0.0,0.0,0.0,4f53cda18c2baa0c0354bb5f9a3ecbe5ed12ab4d8e11ba873c2f11161202b945,0,1787635345.13,aee0dbba16821b346f188f27c86a80e8fe9d9e727b3d395668bd5ae0d0f01413
trial1,scenario_3_network_partition,req_0044,EdgeSync,EAST,EAST,baseline,,,False,500,False,23.113,0.0,0.0,0.0,4f53cda18c2baa0c0354bb5f9a3ecbe5ed12ab4d8e11ba873c2f11161202b945,0,1787635345.155,aee0dbba16821b346f188f27c86a80e8fe9d9e727b3d395668bd5ae0d0f01413
trial1,scenario_3_network_partition,req_0045,EdgeSync,EAST,WEST,baseline,,,False,500,False,27.829,0.0,0.0,0.0,4f53cda18c2baa0c0354bb5f9a3ecbe5ed12ab4d8e11ba873c2f11161202b945,0,1787635345.206,aee0dbba16821b346f188f27c86a80e8fe9d9e727b3d395668bd5ae0d0f01413
trial1,scenario_3_network_partition,req_0046,EdgeSync,EAST,EAST,baseline,,,False,500,False,22.647,0.0,0.0,0.0,4f53cda18c2baa0c0354bb5f9a3ecbe5ed12ab4d8e11ba873c2f11161202b945,0,1787635345.251,aee0dbba16821b346f188f27c86a80e8fe9d9e727b3d395668bd5ae0d0f01413
trial1,scenario_3_network_partition,req_0047,EdgeSync,EAST,WEST,baseline,,,False,500,False,8.399,0.0,0.0,0.0,4f53cda18c2baa0c0354bb5f9a3ecbe5ed12ab4d8e11ba873c2f11161202b945,0,1787635345.262,aee0dbba16821b346f188f27c86a80e8fe9d9e727b3d395668bd5ae0d0f01413
trial1,scenario_3_network_partition,req_0048,EdgeSync,EAST,EAST,baseline,,,False,500,False,27.698,0.0,0.0,0.0,4f53cda18c2baa0c0354bb5f9a3ecbe5ed12ab4d8e11ba873c2f11161202b945,0,1787635345.312,aee0dbba16821b346f188f27c86a80e8fe9d9e727b3d395668bd5ae0d0f01413
trial1,scenario_3_network_partition,req_0049,EdgeSync,EAST,WEST,baseline,,,False,500,False,24.197,0.0,0.0,0.0,4f53cda18c2baa0c0354bb5f9a3ecbe5ed12ab4d8e11ba873c2f11161202b945,0,1787635345.359,aee0dbba16821b346f188f27c86a80e8fe9d9e727b3d395668bd5ae0d0f01413
trial1,scenario_3_network_partition,req_0050,EdgeSync,EAST,EAST,baseline,,,False,500,False,8.173,0.0,0.0,0.0,4f53cda18c2baa0c0354bb5f9a3ecbe5ed12ab4d8e11ba873c2f11161202b945,0,1787635345.39,aee0dbba16821b346f188f27c86a80e8fe9d9e727b3d395668bd5ae0d0f01413
trial1,scenario_3_network_partition,req_0051,EdgeSync,EAST,WEST,failure,1787635345.3898005,,False,500,False,28.072,0.0,0.0,0.0,4f53cda18c2baa0c0354bb5f9a3ecbe5ed12ab4d8e11ba873c2f11161202b945,0,1787635345.451,aee0dbba16821b346f188f27c86a80e8fe9d9e727b3d395668bd5ae0d0f01413
trial1,scenario_3_network_partition,req_0052,EdgeSync,EAST,EAST,failure,1787635345.3898005,,False,500,False,8.901,0.0,0.0,0.0,4f53cda18c2baa0c0354bb5f9a3ecbe5ed12ab4d8e11ba873c2f11161202b945,0,1787635345.481,aee0dbba16821b346f188f27c86a80e8fe9d9e727b3d395668bd5ae0d0f01413
trial1,scenario_3_network_partition,req_0053,EdgeSync,EAST,WEST,failure,1787635345.3898005,,False,500,False,7.964,0.0,0.0,0.0,4f53cda18c2baa0c0354bb5f9a3ecbe5ed12ab4d8e11ba873c2f11161202b945,0,1787635345.511,aee0dbba16821b346f188f27c86a80e8fe9d9e727b3d395668bd5ae0d0f01413
trial1,scenario_3_network_partition,req_0054,EdgeSync,EAST,EAST,failure,1787635345.3898005,,False,500,False,22.672,0.0,0.0,0.0,4f53cda18c2baa0c0354bb5f9a3ecbe5ed12ab4d8e11ba873c2f11161202b945,0,1787635345.558,aee0dbba16821b346f188f27c86a80e8fe9d9e727b3d395668bd5ae0d0f01413
trial1,scenario_3_network_partition,req_0055,EdgeSync,EAST,WEST,failure,1787635345.3898005,,False,500,False,23.28,0.0,0.0,0.0,4f53cda18c2baa0c0354bb5f9a3ecbe5ed12ab4d8e11ba873c2f11161202b945,0,1787635345.604,aee0dbba16821b346f188f27c86a80e8fe9d9e727b3d395668bd5ae0d0f01413
trial1,scenario_3_network_partition,req_0056,EdgeSync,EAST,EAST,failure,1787635345.3898005,,False,500,False,24.34,0.0,0.0,0.0,4f53cda18c2baa0c0354bb5f9a3ecbe5ed12ab4d8e11ba873c2f11161202b945,0,1787635345.631,aee0dbba16821b346f188f27c86a80e8fe9d9e727b3d395668bd5ae0d0f01413
trial1,scenario_3_network_partition,req_0057,EdgeSync,EAST,WEST,failure,1787635345.3898005,,False,500,False,10.604,0.0,0.0,0.0,4f53cda18c2baa0c0354bb5f9a3ecbe5ed12ab4d8e11ba873c2f11161202b945,0,1787635345.667,aee0dbba16821b346f188f27c86a80e8fe9d9e727b3d395668bd5ae0d0f01413
trial1,scenario_3_network_partition,req_0058,EdgeSync,EAST,EAST,failure,1787635345.3898005,,False,500,False,23.511,0.0,0.0,0.0,4f53cda18c2baa0c0354bb5f9a3ecbe5ed12ab4d8e11ba873c2f11161202b945,0,1787635345.693,aee0dbba16821b346f188f27c86a80e8fe9d9e727b3d395668bd5ae0d0f01413
trial1,scenario_3_network_partition,req_0059,EdgeSync,EAST,WEST,failure,1787635345.3898005,,False,500,False,28.593,0.0,0.0,0.0,4f53cda18c2baa0c0354bb5f9a3ecbe5ed12ab4d8e11ba873c2f11161202b945,0,1787635345.724,aee0dbba16821b346f188f27c86a80e8fe9d9e727b3d395668bd5ae0d0f01413
trial1,scenario_3_network_partition,req_0060,EdgeSync,EAST,EAST,failure,1787635345.3898005,,False,500,False,28.775,0.0,0.0,0.0,4f53cda18c2baa0c0354bb5f9a3ecbe5ed12ab4d8e11ba873c2f11161202b945,0,1787635345.776,aee0dbba16821b346f188f27c86a80e8fe9d9e727b3d395668bd5ae0d0f01413
trial1,scenario_3_network_partition,req_0061,EdgeSync,EAST,WEST,failure,1787635345.3898005,,False,500,False,8.54,0.0,0.0,0.0,4f53cda18c2baa0c0354bb5f9a3ecbe5ed12ab4d8e11ba873c2f11161202b945,0,1787635345.786,aee0dbba16821b346f188f27c86a80e8fe9d9e727b3d395668bd5ae0d0f01413
trial1,scenario_3_network_partition,req_0062,EdgeSync,EAST,EAST,failure,1787635345.3898005,,False,500,False,28.143,0.0,0.0,0.0,4f53cda18c2baa0c0354bb5f9a3ecbe5ed12ab4d8e11ba873c2f11161202b945,0,1787635345.837,aee0dbba16821b346f188f27c86a80e8fe9d9e727b3d395668bd5ae0d0f01413
trial1,scenario_3_network_partition,req_0063,EdgeSync,EAST,WEST,failure,1787635345.3898005,,False,500,False,24.163,0.0,0.0,0.0,4f53cda18c2baa0c0354bb5f9a3ecbe5ed12ab4d8e11ba873c2f11161202b945,0,1787635345.884,aee0dbba16821b346f188f27c86a80e8fe9d9e727b3d395668bd5ae0d0f01413
trial1,scenario_3_network_partition,req_0064,EdgeSync,EAST,EAST,failure,1787635345.3898005,,False,500,False,23.033,0.0,0.0,0.0,4f53cda18c2baa0c0354bb5f9a3ecbe5ed12ab4d8e11ba873c2f11161202b945,0,1787635345.91,aee0dbba16821b346f188f27c86a80e8fe9d9e727b3d395668bd5ae0d0f01413
trial1,scenario_3_network_partition,req_0065,EdgeSync,EAST,WEST,failure,1787635345.3898005,,False,500,False,28.908,0.0,0.0,0.0,4f53cda18c2baa0c0354bb5f9a3ecbe5ed12ab4d8e11ba873c2f11161202b945,0,1787635345.941,aee0dbba16821b346f188f27c86a80e8fe9d9e727b3d395668bd5ae0d0f01413
trial1,scenario_3_network_partition,req_0066,EdgeSync,EAST,EAST,failure,1787635345.3898005,,False,500,False,27.048,0.0,0.0,0.0,4f53cda18c2baa0c0354bb5f9a3ecbe5ed12ab4d8e11ba873c2f11161202b945,0,1787635345.993,aee0dbba16821b346f188f27c86a80e8fe9d9e727b3d395668bd5ae0d0f01413
trial1,scenario_3_network_partition,req_0067,EdgeSync,EAST,WEST,failure,1787635345.3898005,,False,500,False,27.847,0.0,0.0,0.0,4f53cda18c2baa0c0354bb5f9a3ecbe5ed12ab4d8e11ba873c2f11161202b945,0,1787635346.039,aee0dbba16821b346f188f27c86a80e8fe9d9e727b3d395668bd5ae0d0f01413
trial1,scenario_3_network_partition,req_0068,EdgeSync,EAST,EAST,failure,1787635345.3898005,,False,500,False,23.574,0.0,0.0,0.0,4f53cda18c2baa0c0354bb5f9a3ecbe5ed12ab4d8e11ba873c2f11161202b945,0,1787635346.085,aee0dbba16821b346f188f27c86a80e8fe9d9e727b3d395668bd5ae0d0f01413
trial1,scenario_3_network_partition,req_0069,EdgeSync,EAST,WEST,failure,1787635345.3898005,,False,500,False,24.063,0.0,0.0,0.0,4f53cda18c2baa0c0354bb5f9a3ecbe5ed12ab4d8e11ba873c2f11161202b945,0,1787635346.133,aee0dbba16821b346f188f27c86a80e8fe9d9e727b3d395668bd5ae0d0f01413
trial1,scenario_3_network_partition,req_0070,EdgeSync,EAST,EAST,failure,1787635345.3898005,,False,500,False,8.098,0.0,0.0,0.0,4f53cda18c2baa0c0354bb5f9a3ecbe5ed12ab4d8e11ba873c2f11161202b945,0,1787635346.143,aee0dbba16821b346f188f27c86a80e8fe9d9e727b3d395668bd5ae0d0f01413
trial1,scenario_3_network_partition,req_0071,EdgeSync,EAST,WEST,failure,1787635345.3898005,,False,500,False,27.727,0.0,0.0,0.0,4f53cda18c2baa0c0354bb5f9a3ecbe5ed12ab4d8e11ba873c2f11161202b945,0,1787635346.194,aee0dbba16821b346f188f27c86a80e8fe9d9e727b3d395668bd5ae0d0f01413
trial1,scenario_3_network_partition,req_0072,EdgeSync,EAST,EAST,failure,1787635345.3898005,,False,500,False,8.135,0.0,0.0,0.0,4f53cda18c2baa0c0354bb5f9a3ecbe5ed12ab4d8e11ba873c2f11161202b945,0,1787635346.204,aee0dbba16821b346f188f27c86a80e8fe9d9e727b3d395668bd5ae0d0f01413
trial1,scenario_3_network_partition,req_0073,EdgeSync,EAST,WEST,failure,1787635345.3898005,,False,500,False,28.71,0.0,0.0,0.0,4f53cda18c2baa0c0354bb5f9a3ecbe5ed12ab4d8e11ba873c2f11161202b945,0,1787635346.236,aee0dbba16821b346f188f27c86a80e8fe9d9e727b3d395668bd5ae0d0f01413
trial1,scenario_3_network_partition,req_0074,EdgeSync,EAST,EAST,failure,1787635345.3898005,,False,500,False,6.201,0.0,0.0,0.0,4f53cda18c2baa0c0354bb5f9a3ecbe5ed12ab4d8e11ba873c2f11161202b945,0,1787635346.256,aee0dbba16821b346f188f27c86a80e8fe9d9e727b3d395668bd5ae0d0f01413
trial1,scenario_3_network_partition,req_0075,EdgeSync,EAST,WEST,failure,1787635345.3898005,,False,500,False,23.405,0.0,0.0,0.0,4f53cda18c2baa0c0354bb5f9a3ecbe5ed12ab4d8e11ba873c2f11161202b945,0,1787635346.282,aee0dbba16821b346f188f27c86a80e8fe9d9e727b3d395668bd5ae0d0f01413
trial1,scenario_3_network_partition,req_0076,EdgeSync,EAST,EAST,failure,1787635345.3898005,,False,500,False,28.473,0.0,0.0,0.0,4f53cda18c2baa0c0354bb5f9a3ecbe5ed12ab4d8e11ba873c2f11161202b945,0,1787635346.334,aee0dbba16821b346f188f27c86a80e8fe9d9e727b3d395668bd5ae0d0f01413
trial1,scenario_3_network_partition,req_0077,EdgeSync,EAST,WEST,failure,1787635345.3898005,,False,500,False,27.884,0.0,0.0,0.0,4f53cda18c2baa0c0354bb5f9a3ecbe5ed12ab4d8e11ba873c2f11161202b945,0,1787635346.365,aee0dbba16821b346f188f27c86a80e8fe9d9e727b3d395668bd5ae0d0f01413
trial1,scenario_3_network_partition,req_0078,EdgeSync,EAST,EAST,failure,1787635345.3898005,,False,500,False,5.918,0.0,0.0,0.0,4f53cda18c2baa0c0354bb5f9a3ecbe5ed12ab4d8e11ba873c2f11161202b945,0,1787635346.396,aee0dbba16821b346f188f27c86a80e8fe9d9e727b3d395668bd5ae0d0f01413
trial1,scenario_3_network_partition,req_0079,EdgeSync,EAST,WEST,failure,1787635345.3898005,,False,500,False,7.683,0.0,0.0,0.0,4f53cda18c2baa0c0354bb5f9a3ecbe5ed12ab4d8e11ba873c2f11161202b945,0,1787635346.406,aee0dbba16821b346f188f27c86a80e8fe9d9e727b3d395668bd5ae0d0f01413
trial1,scenario_3_network_partition,req_0080,EdgeSync,EAST,EAST,failure,1787635345.3898005,,False,500,False,27.999,0.0,0.0,0.0,4f53cda18c2baa0c0354bb5f9a3ecbe5ed12ab4d8e11ba873c2f11161202b945,0,1787635346.437,aee0dbba16821b346f188f27c86a80e8fe9d9e727b3d395668bd5ae0d0f01413
trial1,scenario_3_network_partition,req_0081,EdgeSync,EAST,WEST,failure,1787635345.3898005,,False,500,False,29.942,0.0,0.0,0.0,4f53cda18c2baa0c0354bb5f9a3ecbe5ed12ab4d8e11ba873c2f11161202b945,0,1787635346.489,aee0dbba16821b346f188f27c86a80e8fe9d9e727b3d395668bd5ae0d0f01413
trial1,scenario_3_network_partition,req_0082,EdgeSync,EAST,EAST,failure,1787635345.3898005,,False,500,False,28.589,0.0,0.0,0.0,4f53cda18c2baa0c0354bb5f9a3ecbe5ed12ab4d8e11ba873c2f11161202b945,0,1787635346.521,aee0dbba16821b346f188f27c86a80e8fe9d9e727b3d395668bd5ae0d0f01413
trial1,scenario_3_network_partition,req_0083,EdgeSync,EAST,WEST,failure,1787635345.3898005,,False,500,False,23.54,0.0,0.0,0.0,4f53cda18c2baa0c0354bb5f9a3ecbe5ed12ab4d8e11ba873c2f11161202b945,0,1787635346.567,aee0dbba16821b346f188f27c86a80e8fe9d9e727b3d395668bd5ae0d0f01413
trial1,scenario_3_network_partition,req_0084,EdgeSync,EAST,EAST,failure,1787635345.3898005,,False,500,False,29.222,0.0,0.0,0.0,4f53cda18c2baa0c0354bb5f9a3ecbe5ed12ab4d8e11ba873c2f11161202b945,0,1787635346.599,aee0dbba16821b346f188f27c86a80e8fe9d9e727b3d395668bd5ae0d0f01413
trial1,scenario_3_network_partition,req_0085,EdgeSync,EAST,WEST,failure,1787635345.3898005,,False,500,False,21.922,0.0,0.0,0.0,4f53cda18c2baa0c0354bb5f9a3ecbe5ed12ab4d8e11ba873c2f11161202b945,0,1787635346.623,aee0dbba16821b346f188f27c86a80e8fe9d9e727b3d395668bd5ae0d0f01413
trial1,scenario_3_network_partition,req_0086,EdgeSync,EAST,EAST,failure,1787635345.3898005,,False,500,False,5.884,0.0,0.0,0.0,4f53cda18c2baa0c0354bb5f9a3ecbe5ed12ab4d8e11ba873c2f11161202b945,0,1787635346.631,aee0dbba16821b346f188f27c86a80e8fe9d9e727b3d395668bd5ae0d0f01413
trial1,scenario_3_network_partition,req_0087,EdgeSync,EAST,WEST,failure,1787635345.3898005,,False,500,False,6.03,0.0,0.0,0.0,4f53cda18c2baa0c0354bb5f9a3ecbe5ed12ab4d8e11ba873c2f11161202b945,0,1787635346.659,aee0dbba16821b346f188f27c86a80e8fe9d9e727b3d395668bd5ae0d0f01413
trial1,scenario_3_network_partition,req_0088,EdgeSync,EAST,EAST,failure,1787635345.3898005,,False,500,False,8.275,0.0,0.0,0.0,4f53cda18c2baa0c0354bb5f9a3ecbe5ed12ab4d8e11ba873c2f11161202b945,0,1787635346.69,aee0dbba16821b346f188f27c86a80e8fe9d9e727b3d395668bd5ae0d0f01413
trial1,scenario_3_network_partition,req_0089,EdgeSync,EAST,WEST,failure,1787635345.3898005,,False,500,False,23.595,0.0,0.0,0.0,4f53cda18c2baa0c0354bb5f9a3ecbe5ed12ab4d8e11ba873c2f11161202b945,0,1787635346.736,aee0dbba16821b346f188f27c86a80e8fe9d9e727b3d395668bd5ae0d0f01413
trial1,scenario_3_network_partition,req_0090,EdgeSync,EAST,EAST,failure,1787635345.3898005,,False,500,False,25.449,0.0,0.0,0.0,4f53cda18c2baa0c0354bb5f9a3ecbe5ed12ab4d8e11ba873c2f11161202b945,0,1787635346.784,aee0dbba16821b346f188f27c86a80e8fe9d9e727b3d395668bd5ae0d0f01413
trial1,scenario_3_network_partition,req_0091,EdgeSync,EAST,WEST,failure,1787635345.3898005,,False,500,False,23.47,0.0,0.0,0.0,4f53cda18c2baa0c0354bb5f9a3ecbe5ed12ab4d8e11ba873c2f11161202b945,0,1787635346.81,aee0dbba16821b346f188f27c86a80e8fe9d9e727b3d395668bd5ae0d0f01413
trial1,scenario_3_network_partition,req_0092,EdgeSync,EAST,EAST,failure,1787635345.3898005,,False,500,False,14.603,0.0,0.0,0.0,4f53cda18c2baa0c0354bb5f9a3ecbe5ed12ab4d8e11ba873c2f11161202b945,0,1787635346.844,aee0dbba16821b346f188f27c86a80e8fe9d9e727b3d395668bd5ae0d0f01413
trial1,scenario_3_network_partition,req_0093,EdgeSync,EAST,WEST,failure,1787635345.3898005,,False,500,False,23.422,0.0,0.0,0.0,4f53cda18c2baa0c0354bb5f9a3ecbe5ed12ab4d8e11ba873c2f11161202b945,0,1787635346.891,aee0dbba16821b346f188f27c86a80e8fe9d9e727b3d395668bd5ae0d0f01413
trial1,scenario_3_network_partition,req_0094,EdgeSync,EAST,EAST,failure,1787635345.3898005,,False,500,False,23.338,0.0,0.0,0.0,4f53cda18c2baa0c0354bb5f9a3ecbe5ed12ab4d8e11ba873c2f11161202b945,0,1787635346.937,aee0dbba16821b346f188f27c86a80e8fe9d9e727b3d395668bd5ae0d0f01413
trial1,scenario_3_network_partition,req_0095,EdgeSync,EAST,WEST,failure,1787635345.3898005,,False,500,False,23.133,0.0,0.0,0.0,4f53cda18c2baa0c0354bb5f9a3ecbe5ed12ab4d8e11ba873c2f11161202b945,0,1787635346.983,aee0dbba16821b346f188f27c86a80e8fe9d9e727b3d395668bd5ae0d0f01413
trial1,scenario_3_network_partition,req_0096,EdgeSync,EAST,EAST,failure,1787635345.3898005,,False,500,False,24.275,0.0,0.0,0.0,4f53cda18c2baa0c0354bb5f9a3ecbe5ed12ab4d8e11ba873c2f11161202b945,0,1787635347.03,aee0dbba16821b346f188f27c86a80e8fe9d9e727b3d395668bd5ae0d0f01413
trial1,scenario_3_network_partition,req_0097,EdgeSync,EAST,WEST,failure,1787635345.3898005,,False,500,False,22.989,0.0,0.0,0.0,4f53cda18c2baa0c0354bb5f9a3ecbe5ed12ab4d8e11ba873c2f11161202b945,0,1787635347.075,aee0dbba16821b346f188f27c86a80e8fe9d9e727b3d395668bd5ae0d0f01413
trial1,scenario_3_network_partition,req_0098,EdgeSync,EAST,EAST,failure,1787635345.3898005,,False,500,False,23.615,0.0,0.0,0.0,4f53cda18c2baa0c0354bb5f9a3ecbe5ed12ab4d8e11ba873c2f11161202b945,0,1787635347.122,aee0dbba16821b346f188f27c86a80e8fe9d9e727b3d395668bd5ae0d0f01413
trial1,scenario_3_network_partition,req_0099,EdgeSync,EAST,WEST,failure,1787635345.3898005,,False,500,False,9.764,0.0,0.0,0.0,4f53cda18c2baa0c0354bb5f9a3ecbe5ed12ab4d8e11ba873c2f11161202b945,0,1787635347.134,aee0dbba16821b346f188f27c86a80e8fe9d9e727b3d395668bd5ae0d0f01413
trial1,scenario_3_network_partition,req_0100,EdgeSync,EAST,EAST,failure,1787635345.3898005,,False,500,False,6.133,0.0,0.0,0.0,4f53cda18c2baa0c0354bb5f9a3ecbe5ed12ab4d8e11ba873c2f11161202b945,0,1787635347.167,aee0dbba16821b346f188f27c86a80e8fe9d9e727b3d395668bd5ae0d0f01413
trial1,scenario_3_network_partition,req_0101,EdgeSync,EAST,WEST,failure,1787635345.3898005,,False,500,False,23.667,0.0,0.0,0.0,4f53cda18c2baa0c0354bb5f9a3ecbe5ed12ab4d8e11ba873c2f11161202b945,0,1787635347.193,aee0dbba16821b346f188f27c86a80e8fe9d9e727b3d395668bd5ae0d0f01413
trial1,scenario_3_network_partition,req_0102,EdgeSync,EAST,EAST,failure,1787635345.3898005,,False,500,False,8.702,0.0,0.0,0.0,4f53cda18c2baa0c0354bb5f9a3ecbe5ed12ab4d8e11ba873c2f11161202b945,0,1787635347.205,aee0dbba16821b346f188f27c86a80e8fe9d9e727b3d395668bd5ae0d0f01413
trial1,scenario_3_network_partition,req_0103,EdgeSync,EAST,WEST,failure,1787635345.3898005,,False,500,False,10.342,0.0,0.0,0.0,4f53cda18c2baa0c0354bb5f9a3ecbe5ed12ab4d8e11ba873c2f11161202b945,0,1787635347.218,aee0dbba16821b346f188f27c86a80e8fe9d9e727b3d395668bd5ae0d0f01413
trial1,scenario_3_network_partition,req_0104,EdgeSync,EAST,EAST,failure,1787635345.3898005,,False,500,False,13.687,0.0,0.0,0.0,4f53cda18c2baa0c0354bb5f9a3ecbe5ed12ab4d8e11ba873c2f11161202b945,0,1787635347.245,aee0dbba16821b346f188f27c86a80e8fe9d9e727b3d395668bd5ae0d0f01413
trial1,scenario_3_network_partition,req_0105,EdgeSync,EAST,WEST,failure,1787635345.3898005,,False,500,False,7.624,0.0,0.0,0.0,4f53cda18c2baa0c0354bb5f9a3ecbe5ed12ab4d8e11ba873c2f11161202b945,0,1787635347.275,aee0dbba16821b346f188f27c86a80e8fe9d9e727b3d395668bd5ae0d0f01413
trial1,scenario_3_network_partition,req_0106,EdgeSync,EAST,EAST,failure,1787635345.3898005,,False,500,False,23.995,0.0,0.0,0.0,4f53cda18c2baa0c0354bb5f9a3ecbe5ed12ab4d8e11ba873c2f11161202b945,0,1787635347.302,aee0dbba16821b346f188f27c86a80e8fe9d9e727b3d395668bd5ae0d0f01413
trial1,scenario_3_network_partition,req_0107,EdgeSync,EAST,WEST,failure,1787635345.3898005,,False,500,False,26.662,0.0,0.0,0.0,4f53cda18c2baa0c0354bb5f9a3ecbe5ed12ab4d8e11ba873c2f11161202b945,0,1787635347.331,aee0dbba16821b346f188f27c86a80e8fe9d9e727b3d395668bd5ae0d0f01413
trial1,scenario_3_network_partition,req_0108,EdgeSync,EAST,EAST,failure,1787635345.3898005,,False,500,False,28.387,0.0,0.0,0.0,4f53cda18c2baa0c0354bb5f9a3ecbe5ed12ab4d8e11ba873c2f11161202b945,0,1787635347.382,aee0dbba16821b346f188f27c86a80e8fe9d9e727b3d395668bd5ae0d0f01413
trial1,scenario_3_network_partition,req_0109,EdgeSync,EAST,WEST,failure,1787635345.3898005,,False,500,False,23.03,0.0,0.0,0.0,4f53cda18c2baa0c0354bb5f9a3ecbe5ed12ab4d8e11ba873c2f11161202b945,0,1787635347.428,aee0dbba16821b346f188f27c86a80e8fe9d9e727b3d395668bd5ae0d0f01413
trial1,scenario_3_network_partition,req_0110,EdgeSync,EAST,EAST,failure,1787635345.3898005,,False,500,False,22.892,0.0,0.0,0.0,4f53cda18c2baa0c0354bb5f9a3ecbe5ed12ab4d8e11ba873c2f11161202b945,0,1787635347.474,aee0dbba16821b346f188f27c86a80e8fe9d9e727b3d395668bd5ae0d0f01413
trial1,scenario_3_network_partition,req_0111,EdgeSync,EAST,WEST,failure,1787635345.3898005,,False,500,False,13.002,0.0,0.0,0.0,4f53cda18c2baa0c0354bb5f9a3ecbe5ed12ab4d8e11ba873c2f11161202b945,0,1787635347.505,aee0dbba16821b346f188f27c86a80e8fe9d9e727b3d395668bd5ae0d0f01413
trial1,scenario_3_network_partition,req_0112,EdgeSync,EAST,EAST,failure,1787635345.3898005,,False,500,False,22.88,0.0,0.0,0.0,4f53cda18c2baa0c0354bb5f9a3ecbe5ed12ab4d8e11ba873c2f11161202b945,0,1787635347.551,aee0dbba16821b346f188f27c86a80e8fe9d9e727b3d395668bd5ae0d0f01413
trial1,scenario_3_network_partition,req_0113,EdgeSync,EAST,WEST,failure,1787635345.3898005,,False,500,False,23.144,0.0,0.0,0.0,4f53cda18c2baa0c0354bb5f9a3ecbe5ed12ab4d8e11ba873c2f11161202b945,0,1787635347.577,aee0dbba16821b346f188f27c86a80e8fe9d9e727b3d395668bd5ae0d0f01413
trial1,scenario_3_network_partition,req_0114,EdgeSync,EAST,EAST,failure,1787635345.3898005,,False,500,False,27.622,0.0,0.0,0.0,4f53cda18c2baa0c0354bb5f9a3ecbe5ed12ab4d8e11ba873c2f11161202b945,0,1787635347.627,aee0dbba16821b346f188f27c86a80e8fe9d9e727b3d395668bd5ae0d0f01413
trial1,scenario_3_network_partition,req_0115,EdgeSync,EAST,WEST,failure,1787635345.3898005,,False,500,False,8.675,0.0,0.0,0.0,4f53cda18c2baa0c0354bb5f9a3ecbe5ed12ab4d8e11ba873c2f11161202b945,0,1787635347.658,aee0dbba16821b346f188f27c86a80e8fe9d9e727b3d395668bd5ae0d0f01413
trial1,scenario_3_network_partition,req_0116,EdgeSync,EAST,EAST,failure,1787635345.3898005,,False,500,False,8.784,0.0,0.0,0.0,4f53cda18c2baa0c0354bb5f9a3ecbe5ed12ab4d8e11ba873c2f11161202b945,0,1787635347.669,aee0dbba16821b346f188f27c86a80e8fe9d9e727b3d395668bd5ae0d0f01413
trial1,scenario_3_network_partition,req_0117,EdgeSync,EAST,WEST,failure,1787635345.3898005,,False,500,False,27.334,0.0,0.0,0.0,4f53cda18c2baa0c0354bb5f9a3ecbe5ed12ab4d8e11ba873c2f11161202b945,0,1787635347.719,aee0dbba16821b346f188f27c86a80e8fe9d9e727b3d395668bd5ae0d0f01413
trial1,scenario_3_network_partition,req_0118,EdgeSync,EAST,EAST,failure,1787635345.3898005,,False,500,False,23.34,0.0,0.0,0.0,4f53cda18c2baa0c0354bb5f9a3ecbe5ed12ab4d8e11ba873c2f11161202b945,0,1787635347.764,aee0dbba16821b346f188f27c86a80e8fe9d9e727b3d395668bd5ae0d0f01413
trial1,scenario_3_network_partition,req_0119,EdgeSync,EAST,WEST,failure,1787635345.3898005,,False,500,False,22.547,0.0,0.0,0.0,4f53cda18c2baa0c0354bb5f9a3ecbe5ed12ab4d8e11ba873c2f11161202b945,0,1787635347.811,aee0dbba16821b346f188f27c86a80e8fe9d9e727b3d395668bd5ae0d0f01413
trial1,scenario_3_network_partition,req_0120,EdgeSync,EAST,EAST,failure,1787635345.3898005,,False,500,False,23.172,0.0,0.0,0.0,4f53cda18c2baa0c0354bb5f9a3ecbe5ed12ab4d8e11ba873c2f11161202b945,0,1787635347.855,aee0dbba16821b346f188f27c86a80e8fe9d9e727b3d395668bd5ae0d0f01413
trial1,scenario_3_network_partition,req_0121,EdgeSync,EAST,WEST,failure,1787635345.3898005,,False,500,False,8.392,0.0,0.0,0.0,4f53cda18c2baa0c0354bb5f9a3ecbe5ed12ab4d8e11ba873c2f11161202b945,0,1787635347.866,aee0dbba16821b346f188f27c86a80e8fe9d9e727b3d395668bd5ae0d0f01413
trial1,scenario_3_network_partition,req_0122,EdgeSync,EAST,EAST,failure,1787635345.3898005,,False,500,False,6.092,0.0,0.0,0.0,4f53cda18c2baa0c0354bb5f9a3ecbe5ed12ab4d8e11ba873c2f11161202b945,0,1787635347.874,aee0dbba16821b346f188f27c86a80e8fe9d9e727b3d395668bd5ae0d0f01413
trial1,scenario_3_network_partition,req_0123,EdgeSync,EAST,WEST,failure,1787635345.3898005,,False,500,False,35.064,0.0,0.0,0.0,4f53cda18c2baa0c0354bb5f9a3ecbe5ed12ab4d8e11ba873c2f11161202b945,0,1787635347.912,aee0dbba16821b346f188f27c86a80e8fe9d9e727b3d395668bd5ae0d0f01413
trial1,scenario_3_network_partition,req_0124,EdgeSync,EAST,EAST,failure,1787635345.3898005,,False,500,False,6.531,0.0,0.0,0.0,4f53cda18c2baa0c0354bb5f9a3ecbe5ed12ab4d8e11ba873c2f11161202b945,0,1787635347.921,aee0dbba16821b346f188f27c86a80e8fe9d9e727b3d395668bd5ae0d0f01413
trial1,scenario_3_network_partition,req_0125,EdgeSync,EAST,WEST,failure,1787635345.3898005,,False,500,False,33.27,0.0,0.0,0.0,4f53cda18c2baa0c0354bb5f9a3ecbe5ed12ab4d8e11ba873c2f11161202b945,0,1787635347.977,aee0dbba16821b346f188f27c86a80e8fe9d9e727b3d395668bd5ae0d0f01413
trial1,scenario_3_network_partition,req_0126,EdgeSync,EAST,EAST,failure,1787635345.3898005,,False,500,False,23.298,0.0,0.0,0.0,4f53cda18c2baa0c0354bb5f9a3ecbe5ed12ab4d8e11ba873c2f11161202b945,0,1787635348.024,aee0dbba16821b346f188f27c86a80e8fe9d9e727b3d395668bd5ae0d0f01413
trial1,scenario_3_network_partition,req_0127,EdgeSync,EAST,WEST,failure,1787635345.3898005,,False,500,False,7.821,0.0,0.0,0.0,4f53cda18c2baa0c0354bb5f9a3ecbe5ed12ab4d8e11ba873c2f11161202b945,0,1787635348.054,aee0dbba16821b346f188f27c86a80e8fe9d9e727b3d395668bd5ae0d0f01413
trial1,scenario_3_network_partition,req_0128,EdgeSync,EAST,EAST,failure,1787635345.3898005,,False,500,False,22.949,0.0,0.0,0.0,4f53cda18c2baa0c0354bb5f9a3ecbe5ed12ab4d8e11ba873c2f11161202b945,0,1787635348.099,aee0dbba16821b346f188f27c86a80e8fe9d9e727b3d395668bd5ae0d0f01413
trial1,scenario_3_network_partition,req_0129,EdgeSync,EAST,WEST,failure,1787635345.3898005,,False,500,False,24.038,0.0,0.0,0.0,4f53cda18c2baa0c0354bb5f9a3ecbe5ed12ab4d8e11ba873c2f11161202b945,0,1787635348.146,aee0dbba16821b346f188f27c86a80e8fe9d9e727b3d395668bd5ae0d0f01413
trial1,scenario_3_network_partition,req_0130,EdgeSync,EAST,EAST,failure,1787635345.3898005,,False,500,False,22.435,0.0,0.0,0.0,4f53cda18c2baa0c0354bb5f9a3ecbe5ed12ab4d8e11ba873c2f11161202b945,0,1787635348.192,aee0dbba16821b346f188f27c86a80e8fe9d9e727b3d395668bd5ae0d0f01413
trial1,scenario_3_network_partition,req_0131,EdgeSync,EAST,WEST,failure,1787635345.3898005,,False,500,False,23.118,0.0,0.0,0.0,4f53cda18c2baa0c0354bb5f9a3ecbe5ed12ab4d8e11ba873c2f11161202b945,0,1787635348.217,aee0dbba16821b346f188f27c86a80e8fe9d9e727b3d395668bd5ae0d0f01413
trial1,scenario_3_network_partition,req_0132,EdgeSync,EAST,EAST,failure,1787635345.3898005,,False,500,False,30.104,0.0,0.0,0.0,4f53cda18c2baa0c0354bb5f9a3ecbe5ed12ab4d8e11ba873c2f11161202b945,0,1787635348.269,aee0dbba16821b346f188f27c86a80e8fe9d9e727b3d395668bd5ae0d0f01413
trial1,scenario_3_network_partition,req_0133,EdgeSync,EAST,WEST,failure,1787635345.3898005,,False,500,False,23.702,0.0,0.0,0.0,4f53cda18c2baa0c0354bb5f9a3ecbe5ed12ab4d8e11ba873c2f11161202b945,0,1787635348.316,aee0dbba16821b346f188f27c86a80e8fe9d9e727b3d395668bd5ae0d0f01413
trial1,scenario_3_network_partition,req_0134,EdgeSync,EAST,EAST,failure,1787635345.3898005,,False,500,False,23.219,0.0,0.0,0.0,4f53cda18c2baa0c0354bb5f9a3ecbe5ed12ab4d8e11ba873c2f11161202b945,0,1787635348.342,aee0dbba16821b346f188f27c86a80e8fe9d9e727b3d395668bd5ae0d0f01413
trial1,scenario_3_network_partition,req_0135,EdgeSync,EAST,WEST,failure,1787635345.3898005,,False,500,False,28.442,0.0,0.0,0.0,4f53cda18c2baa0c0354bb5f9a3ecbe5ed12ab4d8e11ba873c2f11161202b945,0,1787635348.393,aee0dbba16821b346f188f27c86a80e8fe9d9e727b3d395668bd5ae0d0f01413
trial1,scenario_3_network_partition,req_0136,EdgeSync,EAST,EAST,failure,1787635345.3898005,,False,500,False,24.111,0.0,0.0,0.0,4f53cda18c2baa0c0354bb5f9a3ecbe5ed12ab4d8e11ba873c2f11161202b945,0,1787635348.44,aee0dbba16821b346f188f27c86a80e8fe9d9e727b3d395668bd5ae0d0f01413
trial1,scenario_3_network_partition,req_0137,EdgeSync,EAST,WEST,failure,1787635345.3898005,,False,500,False,23.518,0.0,0.0,0.0,4f53cda18c2baa0c0354bb5f9a3ecbe5ed12ab4d8e11ba873c2f11161202b945,0,1787635348.487,aee0dbba16821b346f188f27c86a80e8fe9d9e727b3d395668bd5ae0d0f01413
trial1,scenario_3_network_partition,req_0138,EdgeSync,EAST,EAST,failure,1787635345.3898005,,False,500,False,7.452,0.0,0.0,0.0,4f53cda18c2baa0c0354bb5f9a3ecbe5ed12ab4d8e11ba873c2f11161202b945,0,1787635348.519,aee0dbba16821b346f188f27c86a80e8fe9d9e727b3d395668bd5ae0d0f01413
trial1,scenario_3_network_partition,req_0139,EdgeSync,EAST,WEST,failure,1787635345.3898005,,False,500,False,24.513,0.0,0.0,0.0,4f53cda18c2baa0c0354bb5f9a3ecbe5ed12ab4d8e11ba873c2f11161202b945,0,1787635348.566,aee0dbba16821b346f188f27c86a80e8fe9d9e727b3d395668bd5ae0d0f01413
trial1,scenario_3_network_partition,req_0140,EdgeSync,EAST,EAST,failure,1787635345.3898005,,False,500,False,23.486,0.0,0.0,0.0,4f53cda18c2baa0c0354bb5f9a3ecbe5ed12ab4d8e11ba873c2f11161202b945,0,1787635348.612,aee0dbba16821b346f188f27c86a80e8fe9d9e727b3d395668bd5ae0d0f01413
trial1,scenario_3_network_partition,req_0141,EdgeSync,EAST,WEST,failure,1787635345.3898005,,False,500,False,23.714,0.0,0.0,0.0,4f53cda18c2baa0c0354bb5f9a3ecbe5ed12ab4d8e11ba873c2f11161202b945,0,1787635348.659,aee0dbba16821b346f188f27c86a80e8fe9d9e727b3d395668bd5ae0d0f01413
trial1,scenario_3_network_partition,req_0142,EdgeSync,EAST,EAST,failure,1787635345.3898005,,False,500,False,23.096,0.0,0.0,0.0,4f53cda18c2baa0c0354bb5f9a3ecbe5ed12ab4d8e11ba873c2f11161202b945,0,1787635348.704,aee0dbba16821b346f188f27c86a80e8fe9d9e727b3d395668bd5ae0d0f01413
trial1,scenario_3_network_partition,req_0143,EdgeSync,EAST,WEST,failure,1787635345.3898005,,False,500,False,28.031,0.0,0.0,0.0,4f53cda18c2baa0c0354bb5f9a3ecbe5ed12ab4d8e11ba873c2f11161202b945,0,1787635348.751,aee0dbba16821b346f188f27c86a80e8fe9d9e727b3d395668bd5ae0d0f01413
trial1,scenario_3_network_partition,req_0144,EdgeSync,EAST,EAST,failure,1787635345.3898005,,False,500,False,23.013,0.0,0.0,0.0,4f53cda18c2baa0c0354bb5f9a3ecbe5ed12ab4d8e11ba873c2f11161202b945,0,1787635348.777,aee0dbba16821b346f188f27c86a80e8fe9d9e727b3d395668bd5ae0d0f01413
trial1,scenario_3_network_partition,req_0145,EdgeSync,EAST,WEST,failure,1787635345.3898005,,False,500,False,28.965,0.0,0.0,0.0,4f53cda18c2baa0c0354bb5f9a3ecbe5ed12ab4d8e11ba873c2f11161202b945,0,1787635348.828,aee0dbba16821b346f188f27c86a80e8fe9d9e727b3d395668bd5ae0d0f01413
trial1,scenario_3_network_partition,req_0146,EdgeSync,EAST,EAST,failure,1787635345.3898005,,False,500,False,8.109,0.0,0.0,0.0,4f53cda18c2baa0c0354bb5f9a3ecbe5ed12ab4d8e11ba873c2f11161202b945,0,1787635348.859,aee0dbba16821b346f188f27c86a80e8fe9d9e727b3d395668bd5ae0d0f01413
trial1,scenario_3_network_partition,req_0147,EdgeSync,EAST,WEST,failure,1787635345.3898005,,False,500,False,25.334,0.0,0.0,0.0,4f53cda18c2baa0c0354bb5f9a3ecbe5ed12ab4d8e11ba873c2f11161202b945,0,1787635348.887,aee0dbba16821b346f188f27c86a80e8fe9d9e727b3d395668bd5ae0d0f01413
trial1,scenario_3_network_partition,req_0148,EdgeSync,EAST,EAST,failure,1787635345.3898005,,False,500,False,6.191,0.0,0.0,0.0,4f53cda18c2baa0c0354bb5f9a3ecbe5ed12ab4d8e11ba873c2f11161202b945,0,1787635348.919,aee0dbba16821b346f188f27c86a80e8fe9d9e727b3d395668bd5ae0d0f01413
trial1,scenario_3_network_partition,req_0149,EdgeSync,EAST,WEST,failure,1787635345.3898005,,False,500,False,8.243,0.0,0.0,0.0,4f53cda18c2baa0c0354bb5f9a3ecbe5ed12ab4d8e11ba873c2f11161202b945,0,1787635348.951,aee0dbba16821b346f188f27c86a80e8fe9d9e727b3d395668bd5ae0d0f01413
trial1,scenario_3_network_partition,req_0150,EdgeSync,EAST,EAST,failure,1787635345.3898005,,False,500,False,22.931,0.0,0.0,0.0,4f53cda18c2baa0c0354bb5f9a3ecbe5ed12ab4d8e11ba873c2f11161202b945,0,1787635348.997,aee0dbba16821b346f188f27c86a80e8fe9d9e727b3d395668bd5ae0d0f01413
trial1,scenario_3_network_partition,req_0151,EdgeSync,EAST,WEST,recovery,1787635345.3898005,1787635348.9965758,False,500,False,9.688,0.0,0.0,0.0,4f53cda18c2baa0c0354bb5f9a3ecbe5ed12ab4d8e11ba873c2f11161202b945,0,1787635349.027,aee0dbba16821b346f188f27c86a80e8fe9d9e727b3d395668bd5ae0d0f01413
trial1,scenario_3_network_partition,req_0152,EdgeSync,EAST,EAST,recovery,1787635345.3898005,1787635348.9965758,False,500,False,6.848,0.0,0.0,0.0,4f53cda18c2baa0c0354bb5f9a3ecbe5ed12ab4d8e11ba873c2f11161202b945,0,1787635349.058,aee0dbba16821b346f188f27c86a80e8fe9d9e727b3d395668bd5ae0d0f01413
trial1,scenario_3_network_partition,req_0153,EdgeSync,EAST,WEST,recovery,1787635345.3898005,1787635348.9965758,False,500,False,23.196,0.0,0.0,0.0,4f53cda18c2baa0c0354bb5f9a3ecbe5ed12ab4d8e11ba873c2f11161202b945,0,1787635349.083,aee0dbba16821b346f188f27c86a80e8fe9d9e727b3d395668bd5ae0d0f01413
trial1,scenario_3_network_partition,req_0154,EdgeSync,EAST,EAST,recovery,1787635345.3898005,1787635348.9965758,False,500,False,28.397,0.0,0.0,0.0,4f53cda18c2baa0c0354bb5f9a3ecbe5ed12ab4d8e11ba873c2f11161202b945,0,1787635349.135,aee0dbba16821b346f188f27c86a80e8fe9d9e727b3d395668bd5ae0d0f01413
trial1,scenario_3_network_partition,req_0155,EdgeSync,EAST,WEST,recovery,1787635345.3898005,1787635348.9965758,False,500,False,25.168,0.0,0.0,0.0,4f53cda18c2baa0c0354bb5f9a3ecbe5ed12ab4d8e11ba873c2f11161202b945,0,1787635349.163,aee0dbba16821b346f188f27c86a80e8fe9d9e727b3d395668bd5ae0d0f01413
trial1,scenario_3_network_partition,req_0156,EdgeSync,EAST,EAST,recovery,1787635345.3898005,1787635348.9965758,False,500,False,5.491,0.0,0.0,0.0,4f53cda18c2baa0c0354bb5f9a3ecbe5ed12ab4d8e11ba873c2f11161202b945,0,1787635349.171,aee0dbba16821b346f188f27c86a80e8fe9d9e727b3d395668bd5ae0d0f01413
trial1,scenario_3_network_partition,req_0157,EdgeSync,EAST,WEST,recovery,1787635345.3898005,1787635348.9965758,False,500,False,33.148,0.0,0.0,0.0,4f53cda18c2baa0c0354bb5f9a3ecbe5ed12ab4d8e11ba873c2f11161202b945,0,1787635349.227,aee0dbba16821b346f188f27c86a80e8fe9d9e727b3d395668bd5ae0d0f01413
trial1,scenario_3_network_partition,req_0158,EdgeSync,EAST,EAST,recovery,1787635345.3898005,1787635348.9965758,False,500,False,27.055,0.0,0.0,0.0,4f53cda18c2baa0c0354bb5f9a3ecbe5ed12ab4d8e11ba873c2f11161202b945,0,1787635349.256,aee0dbba16821b346f188f27c86a80e8fe9d9e727b3d395668bd5ae0d0f01413
trial1,scenario_3_network_partition,req_0159,EdgeSync,EAST,WEST,recovery,1787635345.3898005,1787635348.9965758,False,500,False,7.685,0.0,0.0,0.0,4f53cda18c2baa0c0354bb5f9a3ecbe5ed12ab4d8e11ba873c2f11161202b945,0,1787635349.266,aee0dbba16821b346f188f27c86a80e8fe9d9e727b3d395668bd5ae0d0f01413
trial1,scenario_3_network_partition,req_0160,EdgeSync,EAST,EAST,recovery,1787635345.3898005,1787635348.9965758,False,500,False,29.896,0.0,0.0,0.0,4f53cda18c2baa0c0354bb5f9a3ecbe5ed12ab4d8e11ba873c2f11161202b945,0,1787635349.319,aee0dbba16821b346f188f27c86a80e8fe9d9e727b3d395668bd5ae0d0f01413
trial1,scenario_3_network_partition,req_0161,EdgeSync,EAST,WEST,recovery,1787635345.3898005,1787635348.9965758,False,500,False,24.038,0.0,0.0,0.0,4f53cda18c2baa0c0354bb5f9a3ecbe5ed12ab4d8e11ba873c2f11161202b945,0,1787635349.366,aee0dbba16821b346f188f27c86a80e8fe9d9e727b3d395668bd5ae0d0f01413
trial1,scenario_3_network_partition,req_0162,EdgeSync,EAST,EAST,recovery,1787635345.3898005,1787635348.9965758,False,500,False,22.009,0.0,0.0,0.0,4f53cda18c2baa0c0354bb5f9a3ecbe5ed12ab4d8e11ba873c2f11161202b945,0,1787635349.412,aee0dbba16821b346f188f27c86a80e8fe9d9e727b3d395668bd5ae0d0f01413
trial1,scenario_3_network_partition,req_0163,EdgeSync,EAST,WEST,recovery,1787635345.3898005,1787635348.9965758,False,500,False,23.449,0.0,0.0,0.0,4f53cda18c2baa0c0354bb5f9a3ecbe5ed12ab4d8e11ba873c2f11161202b945,0,1787635349.438,aee0dbba16821b346f188f27c86a80e8fe9d9e727b3d395668bd5ae0d0f01413
trial1,scenario_3_network_partition,req_0164,EdgeSync,EAST,EAST,recovery,1787635345.3898005,1787635348.9965758,False,500,False,5.965,0.0,0.0,0.0,4f53cda18c2baa0c0354bb5f9a3ecbe5ed12ab4d8e11ba873c2f11161202b945,0,1787635349.458,aee0dbba16821b346f188f27c86a80e8fe9d9e727b3d395668bd5ae0d0f01413
trial1,scenario_3_network_partition,req_0165,EdgeSync,EAST,WEST,recovery,1787635345.3898005,1787635348.9965758,False,500,False,24.425,0.0,0.0,0.0,4f53cda18c2baa0c0354bb5f9a3ecbe5ed12ab4d8e11ba873c2f11161202b945,0,1787635349.504,aee0dbba16821b346f188f27c86a80e8fe9d9e727b3d395668bd5ae0d0f01413
trial1,scenario_3_network_partition,req_0166,EdgeSync,EAST,EAST,recovery,1787635345.3898005,1787635348.9965758,False,500,False,23.88,0.0,0.0,0.0,4f53cda18c2baa0c0354bb5f9a3ecbe5ed12ab4d8e11ba873c2f11161202b945,0,1787635349.551,aee0dbba16821b346f188f27c86a80e8fe9d9e727b3d395668bd5ae0d0f01413
trial1,scenario_3_network_partition,req_0167,EdgeSync,EAST,WEST,recovery,1787635345.3898005,1787635348.9965758,False,500,False,24.392,0.0,0.0,0.0,4f53cda18c2baa0c0354bb5f9a3ecbe5ed12ab4d8e11ba873c2f11161202b945,0,1787635349.598,aee0dbba16821b346f188f27c86a80e8fe9d9e727b3d395668bd5ae0d0f01413
trial1,scenario_3_network_partition,req_0168,EdgeSync,EAST,EAST,recovery,1787635345.3898005,1787635348.9965758,False,500,False,7.951,0.0,0.0,0.0,4f53cda18c2baa0c0354bb5f9a3ecbe5ed12ab4d8e11ba873c2f11161202b945,0,1787635349.608,aee0dbba16821b346f188f27c86a80e8fe9d9e727b3d395668bd5ae0d0f01413
trial1,scenario_3_network_partition,req_0169,EdgeSync,EAST,WEST,recovery,1787635345.3898005,1787635348.9965758,False,500,False,6.235,0.0,0.0,0.0,4f53cda18c2baa0c0354bb5f9a3ecbe5ed12ab4d8e11ba873c2f11161202b945,0,1787635349.616,aee0dbba16821b346f188f27c86a80e8fe9d9e727b3d395668bd5ae0d0f01413
trial1,scenario_3_network_partition,req_0170,EdgeSync,EAST,EAST,recovery,1787635345.3898005,1787635348.9965758,False,500,False,36.258,0.0,0.0,0.0,4f53cda18c2baa0c0354bb5f9a3ecbe5ed12ab4d8e11ba873c2f11161202b945,0,1787635349.656,aee0dbba16821b346f188f27c86a80e8fe9d9e727b3d395668bd5ae0d0f01413
trial1,scenario_3_network_partition,req_0171,EdgeSync,EAST,WEST,recovery,1787635345.3898005,1787635348.9965758,False,500,False,22.266,0.0,0.0,0.0,4f53cda18c2baa0c0354bb5f9a3ecbe5ed12ab4d8e11ba873c2f11161202b945,0,1787635349.68,aee0dbba16821b346f188f27c86a80e8fe9d9e727b3d395668bd5ae0d0f01413
trial1,scenario_3_network_partition,req_0172,EdgeSync,EAST,EAST,recovery,1787635345.3898005,1787635348.9965758,False,500,False,39.056,0.0,0.0,0.0,4f53cda18c2baa0c0354bb5f9a3ecbe5ed12ab4d8e11ba873c2f11161202b945,0,1787635349.722,aee0dbba16821b346f188f27c86a80e8fe9d9e727b3d395668bd5ae0d0f01413
trial1,scenario_3_network_partition,req_0173,EdgeSync,EAST,WEST,recovery,1787635345.3898005,1787635348.9965758,False,500,False,22.254,0.0,0.0,0.0,4f53cda18c2baa0c0354bb5f9a3ecbe5ed12ab4d8e11ba873c2f11161202b945,0,1787635349.747,aee0dbba16821b346f188f27c86a80e8fe9d9e727b3d395668bd5ae0d0f01413
trial1,scenario_3_network_partition,req_0174,EdgeSync,EAST,EAST,recovery,1787635345.3898005,1787635348.9965758,False,500,False,4.712,0.0,0.0,0.0,4f53cda18c2baa0c0354bb5f9a3ecbe5ed12ab4d8e11ba873c2f11161202b945,0,1787635349.767,aee0dbba16821b346f188f27c86a80e8fe9d9e727b3d395668bd5ae0d0f01413
trial1,scenario_3_network_partition,req_0175,EdgeSync,EAST,WEST,recovery,1787635345.3898005,1787635348.9965758,False,500,False,24.81,0.0,0.0,0.0,4f53cda18c2baa0c0354bb5f9a3ecbe5ed12ab4d8e11ba873c2f11161202b945,0,1787635349.814,aee0dbba16821b346f188f27c86a80e8fe9d9e727b3d395668bd5ae0d0f01413
trial1,scenario_3_network_partition,req_0176,EdgeSync,EAST,EAST,recovery,1787635345.3898005,1787635348.9965758,False,500,False,23.262,0.0,0.0,0.0,4f53cda18c2baa0c0354bb5f9a3ecbe5ed12ab4d8e11ba873c2f11161202b945,0,1787635349.84,aee0dbba16821b346f188f27c86a80e8fe9d9e727b3d395668bd5ae0d0f01413
trial1,scenario_3_network_partition,req_0177,EdgeSync,EAST,WEST,recovery,1787635345.3898005,1787635348.9965758,False,500,False,28.76,0.0,0.0,0.0,4f53cda18c2baa0c0354bb5f9a3ecbe5ed12ab4d8e11ba873c2f11161202b945,0,1787635349.871,aee0dbba16821b346f188f27c86a80e8fe9d9e727b3d395668bd5ae0d0f01413
trial1,scenario_3_network_partition,req_0178,EdgeSync,EAST,EAST,recovery,1787635345.3898005,1787635348.9965758,False,500,False,29.266,0.0,0.0,0.0,4f53cda18c2baa0c0354bb5f9a3ecbe5ed12ab4d8e11ba873c2f11161202b945,0,1787635349.903,aee0dbba16821b346f188f27c86a80e8fe9d9e727b3d395668bd5ae0d0f01413
trial1,scenario_3_network_partition,req_0179,EdgeSync,EAST,WEST,recovery,1787635345.3898005,1787635348.9965758,False,500,False,27.458,0.0,0.0,0.0,4f53cda18c2baa0c0354bb5f9a3ecbe5ed12ab4d8e11ba873c2f11161202b945,0,1787635349.953,aee0dbba16821b346f188f27c86a80e8fe9d9e727b3d395668bd5ae0d0f01413
trial1,scenario_3_network_partition,req_0180,EdgeSync,EAST,EAST,recovery,1787635345.3898005,1787635348.9965758,False,500,False,8.085,0.0,0.0,0.0,4f53cda18c2baa0c0354bb5f9a3ecbe5ed12ab4d8e11ba873c2f11161202b945,0,1787635349.964,aee0dbba16821b346f188f27c86a80e8fe9d9e727b3d395668bd5ae0d0f01413
trial1,scenario_3_network_partition,req_0181,EdgeSync,EAST,WEST,recovery,1787635345.3898005,1787635348.9965758,False,500,False,27.932,0.0,0.0,0.0,4f53cda18c2baa0c0354bb5f9a3ecbe5ed12ab4d8e11ba873c2f11161202b945,0,1787635350.015,aee0dbba16821b346f188f27c86a80e8fe9d9e727b3d395668bd5ae0d0f01413
trial1,scenario_3_network_partition,req_0182,EdgeSync,EAST,EAST,recovery,1787635345.3898005,1787635348.9965758,False,500,False,8.17,0.0,0.0,0.0,4f53cda18c2baa0c0354bb5f9a3ecbe5ed12ab4d8e11ba873c2f11161202b945,0,1787635350.025,aee0dbba16821b346f188f27c86a80e8fe9d9e727b3d395668bd5ae0d0f01413
trial1,scenario_3_network_partition,req_0183,EdgeSync,EAST,WEST,recovery,1787635345.3898005,1787635348.9965758,False,500,False,6.208,0.0,0.0,0.0,4f53cda18c2baa0c0354bb5f9a3ecbe5ed12ab4d8e11ba873c2f11161202b945,0,1787635350.033,aee0dbba16821b346f188f27c86a80e8fe9d9e727b3d395668bd5ae0d0f01413
trial1,scenario_3_network_partition,req_0184,EdgeSync,EAST,EAST,recovery,1787635345.3898005,1787635348.9965758,False,500,False,36.311,0.0,0.0,0.0,4f53cda18c2baa0c0354bb5f9a3ecbe5ed12ab4d8e11ba873c2f11161202b945,0,1787635350.092,aee0dbba16821b346f188f27c86a80e8fe9d9e727b3d395668bd5ae0d0f01413
trial1,scenario_3_network_partition,req_0185,EdgeSync,EAST,WEST,recovery,1787635345.3898005,1787635348.9965758,False,500,False,23.913,0.0,0.0,0.0,4f53cda18c2baa0c0354bb5f9a3ecbe5ed12ab4d8e11ba873c2f11161202b945,0,1787635350.138,aee0dbba16821b346f188f27c86a80e8fe9d9e727b3d395668bd5ae0d0f01413
trial1,scenario_3_network_partition,req_0186,EdgeSync,EAST,EAST,recovery,1787635345.3898005,1787635348.9965758,False,500,False,22.042,0.0,0.0,0.0,4f53cda18c2baa0c0354bb5f9a3ecbe5ed12ab4d8e11ba873c2f11161202b945,0,1787635350.183,aee0dbba16821b346f188f27c86a80e8fe9d9e727b3d395668bd5ae0d0f01413
trial1,scenario_3_network_partition,req_0187,EdgeSync,EAST,WEST,recovery,1787635345.3898005,1787635348.9965758,False,500,False,8.212,0.0,0.0,0.0,4f53cda18c2baa0c0354bb5f9a3ecbe5ed12ab4d8e11ba873c2f11161202b945,0,1787635350.213,aee0dbba16821b346f188f27c86a80e8fe9d9e727b3d395668bd5ae0d0f01413
trial1,scenario_3_network_partition,req_0188,EdgeSync,EAST,EAST,recovery,1787635345.3898005,1787635348.9965758,False,500,False,23.436,0.0,0.0,0.0,4f53cda18c2baa0c0354bb5f9a3ecbe5ed12ab4d8e11ba873c2f11161202b945,0,1787635350.239,aee0dbba16821b346f188f27c86a80e8fe9d9e727b3d395668bd5ae0d0f01413
trial1,scenario_3_network_partition,req_0189,EdgeSync,EAST,WEST,recovery,1787635345.3898005,1787635348.9965758,False,500,False,28.359,0.0,0.0,0.0,4f53cda18c2baa0c0354bb5f9a3ecbe5ed12ab4d8e11ba873c2f11161202b945,0,1787635350.29,aee0dbba16821b346f188f27c86a80e8fe9d9e727b3d395668bd5ae0d0f01413
trial1,scenario_3_network_partition,req_0190,EdgeSync,EAST,EAST,recovery,1787635345.3898005,1787635348.9965758,False,500,False,8.201,0.0,0.0,0.0,4f53cda18c2baa0c0354bb5f9a3ecbe5ed12ab4d8e11ba873c2f11161202b945,0,1787635350.32,aee0dbba16821b346f188f27c86a80e8fe9d9e727b3d395668bd5ae0d0f01413
trial1,scenario_3_network_partition,req_0191,EdgeSync,EAST,WEST,recovery,1787635345.3898005,1787635348.9965758,False,500,False,23.417,0.0,0.0,0.0,4f53cda18c2baa0c0354bb5f9a3ecbe5ed12ab4d8e11ba873c2f11161202b945,0,1787635350.366,aee0dbba16821b346f188f27c86a80e8fe9d9e727b3d395668bd5ae0d0f01413
trial1,scenario_3_network_partition,req_0192,EdgeSync,EAST,EAST,recovery,1787635345.3898005,1787635348.9965758,False,500,False,23.941,0.0,0.0,0.0,4f53cda18c2baa0c0354bb5f9a3ecbe5ed12ab4d8e11ba873c2f11161202b945,0,1787635350.393,aee0dbba16821b346f188f27c86a80e8fe9d9e727b3d395668bd5ae0d0f01413
trial1,scenario_3_network_partition,req_0193,EdgeSync,EAST,WEST,recovery,1787635345.3898005,1787635348.9965758,False,500,False,30.653,0.0,0.0,0.0,4f53cda18c2baa0c0354bb5f9a3ecbe5ed12ab4d8e11ba873c2f11161202b945,0,1787635350.445,aee0dbba16821b346f188f27c86a80e8fe9d9e727b3d395668bd5ae0d0f01413
trial1,scenario_3_network_partition,req_0194,EdgeSync,EAST,EAST,recovery,1787635345.3898005,1787635348.9965758,False,500,False,8.143,0.0,0.0,0.0,4f53cda18c2baa0c0354bb5f9a3ecbe5ed12ab4d8e11ba873c2f11161202b945,0,1787635350.475,aee0dbba16821b346f188f27c86a80e8fe9d9e727b3d395668bd5ae0d0f01413
trial1,scenario_3_network_partition,req_0195,EdgeSync,EAST,WEST,recovery,1787635345.3898005,1787635348.9965758,False,500,False,27.692,0.0,0.0,0.0,4f53cda18c2baa0c0354bb5f9a3ecbe5ed12ab4d8e11ba873c2f11161202b945,0,1787635350.521,aee0dbba16821b346f188f27c86a80e8fe9d9e727b3d395668bd5ae0d0f01413
trial1,scenario_3_network_partition,req_0196,EdgeSync,EAST,EAST,recovery,1787635345.3898005,1787635348.9965758,False,500,False,8.642,0.0,0.0,0.0,4f53cda18c2baa0c0354bb5f9a3ecbe5ed12ab4d8e11ba873c2f11161202b945,0,1787635350.552,aee0dbba16821b346f188f27c86a80e8fe9d9e727b3d395668bd5ae0d0f01413
trial1,scenario_3_network_partition,req_0197,EdgeSync,EAST,WEST,recovery,1787635345.3898005,1787635348.9965758,False,500,False,8.37,0.0,0.0,0.0,4f53cda18c2baa0c0354bb5f9a3ecbe5ed12ab4d8e11ba873c2f11161202b945,0,1787635350.584,aee0dbba16821b346f188f27c86a80e8fe9d9e727b3d395668bd5ae0d0f01413
trial1,scenario_3_network_partition,req_0198,EdgeSync,EAST,EAST,recovery,1787635345.3898005,1787635348.9965758,False,500,False,21.742,0.0,0.0,0.0,4f53cda18c2baa0c0354bb5f9a3ecbe5ed12ab4d8e11ba873c2f11161202b945,0,1787635350.629,aee0dbba16821b346f188f27c86a80e8fe9d9e727b3d395668bd5ae0d0f01413
trial1,scenario_3_network_partition,req_0199,EdgeSync,EAST,WEST,recovery,1787635345.3898005,1787635348.9965758,False,500,False,9.31,0.0,0.0,0.0,4f53cda18c2baa0c0354bb5f9a3ecbe5ed12ab4d8e11ba873c2f11161202b945,0,1787635350.659,aee0dbba16821b346f188f27c86a80e8fe9d9e727b3d395668bd5ae0d0f01413
trial1,scenario_3_network_partition,req_0200,EdgeSync,EAST,EAST,recovery,1787635345.3898005,1787635348.9965758,False,500,False,7.879,0.0,0.0,0.0,4f53cda18c2baa0c0354bb5f9a3ecbe5ed12ab4d8e11ba873c2f11161202b945,0,1787635350.67,aee0dbba16821b346f188f27c86a80e8fe9d9e727b3d395668bd5ae0d0f01413
